model,sampler,point,discretize,nfe,backbone_calls_per_sequence,checkpoint,checkpoint_hash,checkpoint_step,sequence_latency_ms,sequence_latency_p10_ms,sequence_latency_p90_ms,sequence_latency_repeats,latency_device,latency_gpu_name,precision,parameter_dtype,compute_dtype,compile_mode,batch_size,length,denoiser_cache_hits,point_benchmark_seconds
M1-200k,full_cfm_fused_fast,argmax_nfe1,argmax,1,1,/home/coder/project/.CFM-DIFF-TEXT/cfm-text-distillation-smiles-2026/logs/train/tinystories_cfm_resume144001_to200000_nfe32_20260806/checkpoints/final/step_00200000_full_state.ckpt,6a6a97a509e5a73e452147aead1f6102e420dcd5d0b004d9c0900e346c743b40,200000,1.0325455223210156,0.9974910644814372,1.0833479464054108,30,cuda,NVIDIA H100 NVL,bf16,bfloat16,bfloat16,max-autotune,1,256,0,0.35724257002584636
M1-200k,full_cfm_fused_fast,argmax_nfe2,argmax,2,2,/home/coder/project/.CFM-DIFF-TEXT/cfm-text-distillation-smiles-2026/logs/train/tinystories_cfm_resume144001_to200000_nfe32_20260806/checkpoints/final/step_00200000_full_state.ckpt,6a6a97a509e5a73e452147aead1f6102e420dcd5d0b004d9c0900e346c743b40,200000,1.633905980270356,1.6019749455153942,1.671097008511424,30,cuda,NVIDIA H100 NVL,bf16,bfloat16,bfloat16,max-autotune,1,256,0,0.05639561510179192
M1-200k,full_cfm_fused_fast,argmax_nfe4,argmax,4,4,/home/coder/project/.CFM-DIFF-TEXT/cfm-text-distillation-smiles-2026/logs/train/tinystories_cfm_resume144001_to200000_nfe32_20260806/checkpoints/final/step_00200000_full_state.ckpt,6a6a97a509e5a73e452147aead1f6102e420dcd5d0b004d9c0900e346c743b40,200000,2.8182895039208233,2.7895140228793025,2.8605270199477673,30,cuda,NVIDIA H100 NVL,bf16,bfloat16,bfloat16,max-autotune,1,256,0,0.09800867002923042
M1-200k,full_cfm_fused_fast,argmax_nfe8,argmax,8,8,/home/coder/project/.CFM-DIFF-TEXT/cfm-text-distillation-smiles-2026/logs/train/tinystories_cfm_resume144001_to200000_nfe32_20260806/checkpoints/final/step_00200000_full_state.ckpt,6a6a97a509e5a73e452147aead1f6102e420dcd5d0b004d9c0900e346c743b40,200000,5.2082850015722215,5.1559689454734325,5.276612006127834,30,cuda,NVIDIA H100 NVL,bf16,bfloat16,bfloat16,max-autotune,1,256,0,0.18163885490503162
M1-200k,full_cfm_fused_fast,argmax_nfe16,argmax,16,16,/home/coder/project/.CFM-DIFF-TEXT/cfm-text-distillation-smiles-2026/logs/train/tinystories_cfm_resume144001_to200000_nfe32_20260806/checkpoints/final/step_00200000_full_state.ckpt,6a6a97a509e5a73e452147aead1f6102e420dcd5d0b004d9c0900e346c743b40,200000,9.951211512088776,9.918684954755008,10.042465990409255,30,cuda,NVIDIA H100 NVL,bf16,bfloat16,bfloat16,max-autotune,1,256,0,0.3482439839281142
M1-200k,full_cfm_fused_fast,argmax_nfe32,argmax,32,32,/home/coder/project/.CFM-DIFF-TEXT/cfm-text-distillation-smiles-2026/logs/train/tinystories_cfm_resume144001_to200000_nfe32_20260806/checkpoints/final/step_00200000_full_state.ckpt,6a6a97a509e5a73e452147aead1f6102e420dcd5d0b004d9c0900e346c743b40,200000,19.462389987893403,19.4170851027593,19.691459950990975,30,cuda,NVIDIA H100 NVL,bf16,bfloat16,bfloat16,max-autotune,1,256,0,0.6819476030068472
M1-68k,full_cfm_fused_fast,argmax_nfe1,argmax,1,1,/home/coder/project/.CFM-DIFF-TEXT/cfm-text-distillation-smiles-2026/baseline/tinystories/NEW/tinystories_a100/checkpoints/best.ckpt,4a1af3fe7008567a71338e138830b56015ade41bbdb165aba1611bfb9e3041b0,68001,1.0179554810747504,0.9788719471544027,1.6645010327920318,30,cuda,NVIDIA H100 NVL,bf16,bfloat16,bfloat16,max-autotune,1,256,0,136.99701731698588
M1-68k,full_cfm_fused_fast,argmax_nfe2,argmax,2,2,/home/coder/project/.CFM-DIFF-TEXT/cfm-text-distillation-smiles-2026/baseline/tinystories/NEW/tinystories_a100/checkpoints/best.ckpt,4a1af3fe7008567a71338e138830b56015ade41bbdb165aba1611bfb9e3041b0,68001,1.5945014893077314,1.5666079707443714,1.6407970106229186,30,cuda,NVIDIA H100 NVL,bf16,bfloat16,bfloat16,max-autotune,1,256,0,0.05804146605078131
M1-68k,full_cfm_fused_fast,argmax_nfe4,argmax,4,4,/home/coder/project/.CFM-DIFF-TEXT/cfm-text-distillation-smiles-2026/baseline/tinystories/NEW/tinystories_a100/checkpoints/best.ckpt,4a1af3fe7008567a71338e138830b56015ade41bbdb165aba1611bfb9e3041b0,68001,2.815895015373826,2.7810969622805715,2.8712849598377943,30,cuda,NVIDIA H100 NVL,bf16,bfloat16,bfloat16,max-autotune,1,256,0,0.09783732006326318
M1-68k,full_cfm_fused_fast,argmax_nfe8,argmax,8,8,/home/coder/project/.CFM-DIFF-TEXT/cfm-text-distillation-smiles-2026/baseline/tinystories/NEW/tinystories_a100/checkpoints/best.ckpt,4a1af3fe7008567a71338e138830b56015ade41bbdb165aba1611bfb9e3041b0,68001,5.222681036684662,5.197945050895214,5.268404958769679,30,cuda,NVIDIA H100 NVL,bf16,bfloat16,bfloat16,max-autotune,1,256,0,0.18188526795711368
M1-68k,full_cfm_fused_fast,argmax_nfe16,argmax,16,16,/home/coder/project/.CFM-DIFF-TEXT/cfm-text-distillation-smiles-2026/baseline/tinystories/NEW/tinystories_a100/checkpoints/best.ckpt,4a1af3fe7008567a71338e138830b56015ade41bbdb165aba1611bfb9e3041b0,68001,9.934906498529017,9.904628968797624,10.034754988737404,30,cuda,NVIDIA H100 NVL,bf16,bfloat16,bfloat16,max-autotune,1,256,0,0.34726761106867343
M1-68k,full_cfm_fused_fast,argmax_nfe32,argmax,32,32,/home/coder/project/.CFM-DIFF-TEXT/cfm-text-distillation-smiles-2026/baseline/tinystories/NEW/tinystories_a100/checkpoints/best.ckpt,4a1af3fe7008567a71338e138830b56015ade41bbdb165aba1611bfb9e3041b0,68001,19.40735598327592,19.36491997912526,19.46903800126165,30,cuda,NVIDIA H100 NVL,bf16,bfloat16,bfloat16,max-autotune,1,256,0,0.6784524810500443
MDLM,mdlm_fused_fast,sample_nfe16,sample,16,17,/home/coder/project/.CFM-DIFF-TEXT/cfm-text-distillation-smiles-2026/baseline/MDLM_best.pt,7b5e5cfc69094e7cd17f45aa8b7f2ae911f42bd55563d361814e6efde319ba7d,100000,32.18253201339394,31.6161229275167,33.35899696685374,30,cuda,NVIDIA H100 NVL,bf16,bfloat16,bfloat16,max-autotune,1,256,0,22.505258008022793
MDLM,mdlm_fused_fast,sample_nfe32,sample,32,33,/home/coder/project/.CFM-DIFF-TEXT/cfm-text-distillation-smiles-2026/baseline/MDLM_best.pt,7b5e5cfc69094e7cd17f45aa8b7f2ae911f42bd55563d361814e6efde319ba7d,100000,62.30052298633382,62.01293901540339,64.66485001146793,30,cuda,NVIDIA H100 NVL,bf16,bfloat16,bfloat16,max-autotune,1,256,0,2.2040918179554865
MDLM,mdlm_fused_fast,sample_nfe64,sample,64,64,/home/coder/project/.CFM-DIFF-TEXT/cfm-text-distillation-smiles-2026/baseline/MDLM_best.pt,7b5e5cfc69094e7cd17f45aa8b7f2ae911f42bd55563d361814e6efde319ba7d,100000,121.5473665506579,121.2554780067876,122.1032909816131,30,cuda,NVIDIA H100 NVL,bf16,bfloat16,bfloat16,max-autotune,1,256,1,4.2798747449414805
MDLM,mdlm_fused_fast,sample_nfe128,sample,128,108,/home/coder/project/.CFM-DIFF-TEXT/cfm-text-distillation-smiles-2026/baseline/MDLM_best.pt,7b5e5cfc69094e7cd17f45aa8b7f2ae911f42bd55563d361814e6efde319ba7d,100000,232.66327497549355,232.34549805056304,233.1018620170653,30,cuda,NVIDIA H100 NVL,bf16,bfloat16,bfloat16,max-autotune,1,256,21,8.146748839062639
MDLM,mdlm_fused_fast,sample_nfe256,sample,256,168,/home/coder/project/.CFM-DIFF-TEXT/cfm-text-distillation-smiles-2026/baseline/MDLM_best.pt,7b5e5cfc69094e7cd17f45aa8b7f2ae911f42bd55563d361814e6efde319ba7d,100000,442.7777325036004,442.01595103368163,443.8509399769828,30,cuda,NVIDIA H100 NVL,bf16,bfloat16,bfloat16,max-autotune,1,256,89,15.499325498007238
