model,sampler,point,discretize,steps_per_block,total_denoising_nfe,backbone_calls_per_sequence,separate_cache_calls,checkpoint,checkpoint_step,checkpoint_hash,sequence_latency_ms,sequence_latency_p10_ms,sequence_latency_p90_ms,sequence_latency_repeats,previous_fast_latency_ms,speedup_vs_previous_fast,latency_device,latency_gpu_name,dtype,batch_size,length,point_benchmark_seconds,mauve,gen_ppl,quality_n_samples,quality_source
BD3-LM,bd3lm_fused_ancestral,sample_nfe1,sample,1,16,16,0,/home/coder/project/.CFM-DIFF-TEXT/cfm-text-distillation-smiles-2026/baseline/BD3LM_best.pt,100000,c6d4ac8e5b265e565bed7819463a57be3058742eadb2696413cf288c0cd4644f,21.392915048636496,20.8846750902012,28.19323691073805,30,178.64071507938206,8.350461574462614,cuda,NVIDIA H100 NVL,float32,1,256,26.963602035073563,0.0045824595156013,650.0576291688907,512,results/tinystories_mdlm_bd3lm_eval_20260802_max256/scores_all.json
BD3-LM,bd3lm_fused_ancestral,sample_nfe2,sample,2,32,32,0,/home/coder/project/.CFM-DIFF-TEXT/cfm-text-distillation-smiles-2026/baseline/BD3LM_best.pt,100000,c6d4ac8e5b265e565bed7819463a57be3058742eadb2696413cf288c0cd4644f,36.65739804273471,36.54686897061765,36.90477192867547,30,265.01545147038996,7.229521614202907,cuda,NVIDIA H100 NVL,float32,1,256,13.56308363005519,0.0087043284862348,237.14647662164705,512,results/tinystories_mdlm_bd3lm_eval_20260802_max256/scores_all.json
BD3-LM,bd3lm_fused_ancestral,sample_nfe4,sample,4,64,64,0,/home/coder/project/.CFM-DIFF-TEXT/cfm-text-distillation-smiles-2026/baseline/BD3LM_best.pt,100000,c6d4ac8e5b265e565bed7819463a57be3058742eadb2696413cf288c0cd4644f,68.2433174806647,68.17220104858279,68.29730398021638,30,448.5736089409329,6.5731506834794,cuda,NVIDIA H100 NVL,float32,1,256,2.3846053270390257,0.2986232560197812,73.29429504211556,512,results/tinystories_mdlm_bd3lm_eval_20260802_max256/scores_all.json
BD3-LM,bd3lm_fused_ancestral,sample_nfe8,sample,8,128,128,0,/home/coder/project/.CFM-DIFF-TEXT/cfm-text-distillation-smiles-2026/baseline/BD3LM_best.pt,100000,c6d4ac8e5b265e565bed7819463a57be3058742eadb2696413cf288c0cd4644f,131.36417901841924,131.30414602346718,131.5505679231137,30,835.2268744492903,6.358102191101723,cuda,NVIDIA H100 NVL,float32,1,256,4.596427559037693,0.7792172314896021,32.56642664210494,512,results/tinystories_mdlm_bd3lm_eval_20260802_max256/scores_all.json
BD3-LM,bd3lm_fused_ancestral,sample_nfe16,sample,16,256,256,0,/home/coder/project/.CFM-DIFF-TEXT/cfm-text-distillation-smiles-2026/baseline/BD3LM_best.pt,100000,c6d4ac8e5b265e565bed7819463a57be3058742eadb2696413cf288c0cd4644f,257.5151189812459,257.4332110816613,257.6154030393809,30,1508.3229019655846,5.857220764095919,cuda,NVIDIA H100 NVL,float32,1,256,9.00941299193073,0.950725345339014,21.51110061526606,512,results/tinystories_mdlm_bd3lm_eval_20260802_max256/scores_all.json
BD3-LM,bd3lm_fused_ancestral,sample_nfe32,sample,32,512,512,0,/home/coder/project/.CFM-DIFF-TEXT/cfm-text-distillation-smiles-2026/baseline/BD3LM_best.pt,100000,c6d4ac8e5b265e565bed7819463a57be3058742eadb2696413cf288c0cd4644f,509.75486397510394,509.56464500632137,509.93371405638754,30,3032.757963053882,5.949443894275426,cuda,NVIDIA H100 NVL,float32,1,256,17.8684337210143,0.9360490558594184,17.178389000796912,512,results/tinystories_mdlm_bd3lm_eval_20260802_max256/scores_all.json
BD3-LM,bd3lm_fused_first_hitting,sample_nfe256,sample,16,256,256,0,/home/coder/project/.CFM-DIFF-TEXT/cfm-text-distillation-smiles-2026/baseline/BD3LM_best.pt,100000,c6d4ac8e5b265e565bed7819463a57be3058742eadb2696413cf288c0cd4644f,269.0093230921775,268.87363696005195,270.71231906302273,30,1551.9011100404896,5.768949165783084,cuda,NVIDIA H100 NVL,float32,1,256,9.431244376930408,0.930795740205754,13.629926766547957,512,results/tinystories_mdlm_bd3lm_eval_20260802_max256/scores_all.json
M2,block_causal_fused_fast,argmax_nfe1,argmax,1,16,16,0,/home/coder/project/.CFM-DIFF-TEXT/cfm-text-distillation-smiles-2026/baseline/tinystories/NEW/tinystories_a100/checkpoints/best.ckpt,68001,4a1af3fe7008567a71338e138830b56015ade41bbdb165aba1611bfb9e3041b0,16.387533047236502,16.328793950378895,16.449365066364408,30,22.343715943861753,1.3634581775949288,cuda,NVIDIA H100 NVL,float32,1,256,16.35442605894059,0.00490529741976047,51.679738154332185,512,/home/coder/project/.CFM-DIFF-TEXT/cfm-text-distillation-smiles-2026/results/ts_M2_M3_fused_fast_argmax_scores.json
M2,block_causal_fused_fast,argmax_nfe2,argmax,2,32,32,0,/home/coder/project/.CFM-DIFF-TEXT/cfm-text-distillation-smiles-2026/baseline/tinystories/NEW/tinystories_a100/checkpoints/best.ckpt,68001,4a1af3fe7008567a71338e138830b56015ade41bbdb165aba1611bfb9e3041b0,27.677178499288857,27.62951306067407,27.790533960796893,30,33.40327297337353,1.2068886636776144,cuda,NVIDIA H100 NVL,float32,1,256,7.586173663032241,0.005312871226306533,60.64743129257257,512,/home/coder/project/.CFM-DIFF-TEXT/cfm-text-distillation-smiles-2026/results/ts_M2_M3_fused_fast_argmax_scores.json
M2,block_causal_fused_fast,argmax_nfe4,argmax,4,64,64,0,/home/coder/project/.CFM-DIFF-TEXT/cfm-text-distillation-smiles-2026/baseline/tinystories/NEW/tinystories_a100/checkpoints/best.ckpt,68001,4a1af3fe7008567a71338e138830b56015ade41bbdb165aba1611bfb9e3041b0,50.092371995560825,50.02590990625322,50.14947091694921,30,55.66390900639817,1.1112252582355473,cuda,NVIDIA H100 NVL,float32,1,256,1.753813182003796,0.0057050634661220696,149.78251480969445,512,/home/coder/project/.CFM-DIFF-TEXT/cfm-text-distillation-smiles-2026/results/ts_M2_M3_fused_fast_argmax_scores.json
M2,block_causal_fused_fast,argmax_nfe8,argmax,8,128,128,0,/home/coder/project/.CFM-DIFF-TEXT/cfm-text-distillation-smiles-2026/baseline/tinystories/NEW/tinystories_a100/checkpoints/best.ckpt,68001,4a1af3fe7008567a71338e138830b56015ade41bbdb165aba1611bfb9e3041b0,95.04632954485714,94.93414498865604,95.11799097526819,30,100.15070997178555,1.0537041298845673,cuda,NVIDIA H100 NVL,float32,1,256,3.326497938018292,0.007283148015806401,255.0718024108386,512,/home/coder/project/.CFM-DIFF-TEXT/cfm-text-distillation-smiles-2026/results/ts_M2_M3_fused_fast_argmax_scores.json
M2,block_causal_fused_fast,argmax_nfe16,argmax,16,256,256,0,/home/coder/project/.CFM-DIFF-TEXT/cfm-text-distillation-smiles-2026/baseline/tinystories/NEW/tinystories_a100/checkpoints/best.ckpt,68001,4a1af3fe7008567a71338e138830b56015ade41bbdb165aba1611bfb9e3041b0,184.41794899990782,184.19428600464016,184.5050739357248,30,189.1860284958966,1.025854747446471,cuda,NVIDIA H100 NVL,float32,1,256,6.4542636789847165,0.012421423966828642,255.57611315594633,512,/home/coder/project/.CFM-DIFF-TEXT/cfm-text-distillation-smiles-2026/results/ts_M2_M3_fused_fast_argmax_scores.json
M2,block_causal_fused_fast,argmax_nfe32,argmax,32,512,512,0,/home/coder/project/.CFM-DIFF-TEXT/cfm-text-distillation-smiles-2026/baseline/tinystories/NEW/tinystories_a100/checkpoints/best.ckpt,68001,4a1af3fe7008567a71338e138830b56015ade41bbdb165aba1611bfb9e3041b0,363.091325503774,362.7717539202422,363.2128880126402,30,367.03261750517413,1.0108548228078205,cuda,NVIDIA H100 NVL,float32,1,256,12.706038921023719,0.021911146829291073,223.2867250633504,512,/home/coder/project/.CFM-DIFF-TEXT/cfm-text-distillation-smiles-2026/results/ts_M2_M3_fused_fast_argmax_scores.json
M3,block_causal_fused_fast,argmax_nfe1,argmax,1,16,16,0,/home/coder/project/.CFM-DIFF-TEXT/cfm-text-distillation-smiles-2026/logs/train/2026-07-28_12-43-24_12345_local/checkpoints/step_0100000.ckpt,100000,1a69c085a780f9d3af00e1e3a923611c7c6b65ccb85c7eac6cff36be51cdc7f5,16.518632997758687,16.43607101868838,16.8548789806664,30,22.531223483383656,1.3639883812686426,cuda,NVIDIA H100 NVL,float32,1,256,5.070237728068605,0.00803926045893483,49.33553208423126,512,/home/coder/project/.CFM-DIFF-TEXT/cfm-text-distillation-smiles-2026/results/ts_M2_M3_fused_fast_argmax_scores.json
M3,block_causal_fused_fast,argmax_nfe2,argmax,2,32,32,0,/home/coder/project/.CFM-DIFF-TEXT/cfm-text-distillation-smiles-2026/logs/train/2026-07-28_12-43-24_12345_local/checkpoints/step_0100000.ckpt,100000,1a69c085a780f9d3af00e1e3a923611c7c6b65ccb85c7eac6cff36be51cdc7f5,27.736170450225472,27.649405994452536,27.818302041850984,30,33.609977981541306,1.2117742801536642,cuda,NVIDIA H100 NVL,float32,1,256,5.192336236941628,0.010371744759023496,49.90838773257819,512,/home/coder/project/.CFM-DIFF-TEXT/cfm-text-distillation-smiles-2026/results/ts_M2_M3_fused_fast_argmax_scores.json
M3,block_causal_fused_fast,argmax_nfe4,argmax,4,64,64,0,/home/coder/project/.CFM-DIFF-TEXT/cfm-text-distillation-smiles-2026/logs/train/2026-07-28_12-43-24_12345_local/checkpoints/step_0100000.ckpt,100000,1a69c085a780f9d3af00e1e3a923611c7c6b65ccb85c7eac6cff36be51cdc7f5,50.16551201697439,50.104966037906706,50.26251100935042,30,56.01284251315519,1.116560765774747,cuda,NVIDIA H100 NVL,float32,1,256,1.756048011011444,0.04588509345452388,46.089655686217476,512,/home/coder/project/.CFM-DIFF-TEXT/cfm-text-distillation-smiles-2026/results/ts_M2_M3_fused_fast_argmax_scores.json
M3,block_causal_fused_fast,argmax_nfe8,argmax,8,128,128,0,/home/coder/project/.CFM-DIFF-TEXT/cfm-text-distillation-smiles-2026/logs/train/2026-07-28_12-43-24_12345_local/checkpoints/step_0100000.ckpt,100000,1a69c085a780f9d3af00e1e3a923611c7c6b65ccb85c7eac6cff36be51cdc7f5,94.8584689758718,94.80012801941484,94.99490691814572,30,100.71302653523162,1.061718870466368,cuda,NVIDIA H100 NVL,float32,1,256,3.3208991390420124,0.22197887692683446,50.59195053844201,512,/home/coder/project/.CFM-DIFF-TEXT/cfm-text-distillation-smiles-2026/results/ts_M2_M3_fused_fast_argmax_scores.json
M3,block_causal_fused_fast,argmax_nfe16,argmax,16,256,256,0,/home/coder/project/.CFM-DIFF-TEXT/cfm-text-distillation-smiles-2026/logs/train/2026-07-28_12-43-24_12345_local/checkpoints/step_0100000.ckpt,100000,1a69c085a780f9d3af00e1e3a923611c7c6b65ccb85c7eac6cff36be51cdc7f5,184.20143600087613,184.07678697258234,184.30756509769708,30,190.09310798719525,1.0319849405858654,cuda,NVIDIA H100 NVL,float32,1,256,6.447524170973338,0.7033863243507747,58.16539357100516,512,/home/coder/project/.CFM-DIFF-TEXT/cfm-text-distillation-smiles-2026/results/ts_M2_M3_fused_fast_argmax_scores.json
M3,block_causal_fused_fast,argmax_nfe32,argmax,32,512,512,0,/home/coder/project/.CFM-DIFF-TEXT/cfm-text-distillation-smiles-2026/logs/train/2026-07-28_12-43-24_12345_local/checkpoints/step_0100000.ckpt,100000,1a69c085a780f9d3af00e1e3a923611c7c6b65ccb85c7eac6cff36be51cdc7f5,362.6345564844087,362.5518209300935,362.8624809207395,30,368.8172374968417,1.0170493432075849,cuda,NVIDIA H100 NVL,float32,1,256,12.694170809001662,0.6663492849290229,61.63588033518937,512,/home/coder/project/.CFM-DIFF-TEXT/cfm-text-distillation-smiles-2026/results/ts_M2_M3_fused_fast_argmax_scores.json
