model,sampler,point,discretize,nfe,backbone_calls_per_sequence,checkpoint,checkpoint_hash,checkpoint_step,sequence_latency_ms,sequence_latency_p10_ms,sequence_latency_p90_ms,sequence_latency_repeats,latency_device,latency_gpu_name,precision,parameter_dtype,compute_dtype,compile_mode,batch_size,length,denoiser_cache_hits,point_benchmark_seconds,mauve,gen_ppl,quality_n_samples,quality_dump,quality_label,steps_per_block,total_denoising_nfe,separate_cache_calls,dtype,quality_source,latency_source,previous_latency_ms,previous_mauve,previous_gen_ppl,latency_speedup,mauve_delta,gen_ppl_delta
M1-200k,full_cfm_fused_fast,argmax_nfe1,argmax,1,1,/home/coder/project/.CFM-DIFF-TEXT/cfm-text-distillation-smiles-2026/logs/train/tinystories_cfm_resume144001_to200000_nfe32_20260806/checkpoints/final/step_00200000_full_state.ckpt,6a6a97a509e5a73e452147aead1f6102e420dcd5d0b004d9c0900e346c743b40,200000,1.0325455223210156,0.9974910644814372,1.0833479464054108,30,cuda,NVIDIA H100 NVL,bf16,bfloat16,bfloat16,max-autotune,1,256,0,0.35724257002584636,0.005704429562458189,97.2920953141996,512,dumps/ts_M1_200k_full_fused_fast_bf16_maxautotune.json,ts_M1_200k_full_fused_fast_bf16_maxautotune,1,1,0,bf16,/home/coder/project/.CFM-DIFF-TEXT/cfm-text-distillation-smiles-2026/results/ts_M1_M1_200k_MDLM_fused_fast_bf16_maxautotune_scores.json,/home/coder/project/.CFM-DIFF-TEXT/cfm-text-distillation-smiles-2026/artifacts/tinystories_m1_mdlm_h100_bf16_maxautotune_fair_20260808/m1_mdlm_latency.json,4.874686477705836,0.0066082390908745,96.76743830748418,4.721037835453719,-0.0009038095284163109,0.5246570067154153
M1-200k,full_cfm_fused_fast,argmax_nfe2,argmax,2,2,/home/coder/project/.CFM-DIFF-TEXT/cfm-text-distillation-smiles-2026/logs/train/tinystories_cfm_resume144001_to200000_nfe32_20260806/checkpoints/final/step_00200000_full_state.ckpt,6a6a97a509e5a73e452147aead1f6102e420dcd5d0b004d9c0900e346c743b40,200000,1.633905980270356,1.6019749455153942,1.671097008511424,30,cuda,NVIDIA H100 NVL,bf16,bfloat16,bfloat16,max-autotune,1,256,0,0.05639561510179192,0.008249708821929002,83.56331049615797,512,dumps/ts_M1_200k_full_fused_fast_bf16_maxautotune.json,ts_M1_200k_full_fused_fast_bf16_maxautotune,2,2,0,bf16,/home/coder/project/.CFM-DIFF-TEXT/cfm-text-distillation-smiles-2026/results/ts_M1_M1_200k_MDLM_fused_fast_bf16_maxautotune_scores.json,/home/coder/project/.CFM-DIFF-TEXT/cfm-text-distillation-smiles-2026/artifacts/tinystories_m1_mdlm_h100_bf16_maxautotune_fair_20260808/m1_mdlm_latency.json,9.020950528793035,0.0080969503094881,83.59084348884078,5.521095239091037,0.00015275851244090158,-0.027532992682807844
M1-200k,full_cfm_fused_fast,argmax_nfe4,argmax,4,4,/home/coder/project/.CFM-DIFF-TEXT/cfm-text-distillation-smiles-2026/logs/train/tinystories_cfm_resume144001_to200000_nfe32_20260806/checkpoints/final/step_00200000_full_state.ckpt,6a6a97a509e5a73e452147aead1f6102e420dcd5d0b004d9c0900e346c743b40,200000,2.8182895039208233,2.7895140228793025,2.8605270199477673,30,cuda,NVIDIA H100 NVL,bf16,bfloat16,bfloat16,max-autotune,1,256,0,0.09800867002923042,0.021334440571019294,70.52110780047306,512,dumps/ts_M1_200k_full_fused_fast_bf16_maxautotune.json,ts_M1_200k_full_fused_fast_bf16_maxautotune,4,4,0,bf16,/home/coder/project/.CFM-DIFF-TEXT/cfm-text-distillation-smiles-2026/results/ts_M1_M1_200k_MDLM_fused_fast_bf16_maxautotune_scores.json,/home/coder/project/.CFM-DIFF-TEXT/cfm-text-distillation-smiles-2026/artifacts/tinystories_m1_mdlm_h100_bf16_maxautotune_fair_20260808/m1_mdlm_latency.json,17.277781968005,0.0195698417586869,70.42265052731254,6.130591603157885,0.001764598812332395,0.09845727316051978
M1-200k,full_cfm_fused_fast,argmax_nfe8,argmax,8,8,/home/coder/project/.CFM-DIFF-TEXT/cfm-text-distillation-smiles-2026/logs/train/tinystories_cfm_resume144001_to200000_nfe32_20260806/checkpoints/final/step_00200000_full_state.ckpt,6a6a97a509e5a73e452147aead1f6102e420dcd5d0b004d9c0900e346c743b40,200000,5.2082850015722215,5.1559689454734325,5.276612006127834,30,cuda,NVIDIA H100 NVL,bf16,bfloat16,bfloat16,max-autotune,1,256,0,0.18163885490503162,0.11634611369802866,69.14597778838973,512,dumps/ts_M1_200k_full_fused_fast_bf16_maxautotune.json,ts_M1_200k_full_fused_fast_bf16_maxautotune,8,8,0,bf16,/home/coder/project/.CFM-DIFF-TEXT/cfm-text-distillation-smiles-2026/results/ts_M1_M1_200k_MDLM_fused_fast_bf16_maxautotune_scores.json,/home/coder/project/.CFM-DIFF-TEXT/cfm-text-distillation-smiles-2026/artifacts/tinystories_m1_mdlm_h100_bf16_maxautotune_fair_20260808/m1_mdlm_latency.json,34.27897405344993,0.1591147728090919,68.88165574292229,6.581624093747204,-0.04276865911106323,0.26432204546743776
M1-200k,full_cfm_fused_fast,argmax_nfe16,argmax,16,16,/home/coder/project/.CFM-DIFF-TEXT/cfm-text-distillation-smiles-2026/logs/train/tinystories_cfm_resume144001_to200000_nfe32_20260806/checkpoints/final/step_00200000_full_state.ckpt,6a6a97a509e5a73e452147aead1f6102e420dcd5d0b004d9c0900e346c743b40,200000,9.951211512088776,9.918684954755008,10.042465990409255,30,cuda,NVIDIA H100 NVL,bf16,bfloat16,bfloat16,max-autotune,1,256,0,0.3482439839281142,0.5461785758568868,66.78708438829942,512,dumps/ts_M1_200k_full_fused_fast_bf16_maxautotune.json,ts_M1_200k_full_fused_fast_bf16_maxautotune,16,16,0,bf16,/home/coder/project/.CFM-DIFF-TEXT/cfm-text-distillation-smiles-2026/results/ts_M1_M1_200k_MDLM_fused_fast_bf16_maxautotune_scores.json,/home/coder/project/.CFM-DIFF-TEXT/cfm-text-distillation-smiles-2026/artifacts/tinystories_m1_mdlm_h100_bf16_maxautotune_fair_20260808/m1_mdlm_latency.json,67.98999046441168,0.5229372575417647,66.48245560946117,6.83233296587226,0.023241318315122106,0.30462877883825
M1-200k,full_cfm_fused_fast,argmax_nfe32,argmax,32,32,/home/coder/project/.CFM-DIFF-TEXT/cfm-text-distillation-smiles-2026/logs/train/tinystories_cfm_resume144001_to200000_nfe32_20260806/checkpoints/final/step_00200000_full_state.ckpt,6a6a97a509e5a73e452147aead1f6102e420dcd5d0b004d9c0900e346c743b40,200000,19.462389987893403,19.4170851027593,19.691459950990975,30,cuda,NVIDIA H100 NVL,bf16,bfloat16,bfloat16,max-autotune,1,256,0,0.6819476030068472,0.6684255518710918,67.86824448851849,512,dumps/ts_M1_200k_full_fused_fast_bf16_maxautotune.json,ts_M1_200k_full_fused_fast_bf16_maxautotune,32,32,0,bf16,/home/coder/project/.CFM-DIFF-TEXT/cfm-text-distillation-smiles-2026/results/ts_M1_M1_200k_MDLM_fused_fast_bf16_maxautotune_scores.json,/home/coder/project/.CFM-DIFF-TEXT/cfm-text-distillation-smiles-2026/artifacts/tinystories_m1_mdlm_h100_bf16_maxautotune_fair_20260808/m1_mdlm_latency.json,133.78756499150768,0.6577438137158276,67.4909542502704,6.874159087076682,0.010681738155264187,0.3772902382480794
M1-68k,full_cfm_fused_fast,argmax_nfe1,argmax,1,1,/home/coder/project/.CFM-DIFF-TEXT/cfm-text-distillation-smiles-2026/baseline/tinystories/NEW/tinystories_a100/checkpoints/best.ckpt,4a1af3fe7008567a71338e138830b56015ade41bbdb165aba1611bfb9e3041b0,68001,1.0179554810747504,0.9788719471544027,1.6645010327920318,30,cuda,NVIDIA H100 NVL,bf16,bfloat16,bfloat16,max-autotune,1,256,0,136.99701731698588,0.005824756354029348,86.85604827911078,512,dumps/ts_M1_68k_full_fused_fast_bf16_maxautotune.json,ts_M1_68k_full_fused_fast_bf16_maxautotune,1,1,0,bf16,/home/coder/project/.CFM-DIFF-TEXT/cfm-text-distillation-smiles-2026/results/ts_M1_M1_200k_MDLM_fused_fast_bf16_maxautotune_scores.json,/home/coder/project/.CFM-DIFF-TEXT/cfm-text-distillation-smiles-2026/artifacts/tinystories_m1_mdlm_h100_bf16_maxautotune_fair_20260808/m1_mdlm_latency.json,4.780212475452572,0.0058247563540293,87.14151524547565,4.695895414213652,4.7704895589362195e-17,-0.285466966364865
M1-68k,full_cfm_fused_fast,argmax_nfe2,argmax,2,2,/home/coder/project/.CFM-DIFF-TEXT/cfm-text-distillation-smiles-2026/baseline/tinystories/NEW/tinystories_a100/checkpoints/best.ckpt,4a1af3fe7008567a71338e138830b56015ade41bbdb165aba1611bfb9e3041b0,68001,1.5945014893077314,1.5666079707443714,1.6407970106229186,30,cuda,NVIDIA H100 NVL,bf16,bfloat16,bfloat16,max-autotune,1,256,0,0.05804146605078131,0.007168064984741705,82.3741715696542,512,dumps/ts_M1_68k_full_fused_fast_bf16_maxautotune.json,ts_M1_68k_full_fused_fast_bf16_maxautotune,2,2,0,bf16,/home/coder/project/.CFM-DIFF-TEXT/cfm-text-distillation-smiles-2026/results/ts_M1_M1_200k_MDLM_fused_fast_bf16_maxautotune_scores.json,/home/coder/project/.CFM-DIFF-TEXT/cfm-text-distillation-smiles-2026/artifacts/tinystories_m1_mdlm_h100_bf16_maxautotune_fair_20260808/m1_mdlm_latency.json,11.463744041975588,0.0071033435938666,82.227145439198,7.189547403278178,6.472139087510508e-05,0.14702613045619728
M1-68k,full_cfm_fused_fast,argmax_nfe4,argmax,4,4,/home/coder/project/.CFM-DIFF-TEXT/cfm-text-distillation-smiles-2026/baseline/tinystories/NEW/tinystories_a100/checkpoints/best.ckpt,4a1af3fe7008567a71338e138830b56015ade41bbdb165aba1611bfb9e3041b0,68001,2.815895015373826,2.7810969622805715,2.8712849598377943,30,cuda,NVIDIA H100 NVL,bf16,bfloat16,bfloat16,max-autotune,1,256,0,0.09783732006326318,0.010514521185563914,74.269748121908,512,dumps/ts_M1_68k_full_fused_fast_bf16_maxautotune.json,ts_M1_68k_full_fused_fast_bf16_maxautotune,4,4,0,bf16,/home/coder/project/.CFM-DIFF-TEXT/cfm-text-distillation-smiles-2026/results/ts_M1_M1_200k_MDLM_fused_fast_bf16_maxautotune_scores.json,/home/coder/project/.CFM-DIFF-TEXT/cfm-text-distillation-smiles-2026/artifacts/tinystories_m1_mdlm_h100_bf16_maxautotune_fair_20260808/m1_mdlm_latency.json,16.670554061420262,0.0138169872445006,74.29797405735967,5.920161785295519,-0.003302466058936686,-0.028225935451672512
M1-68k,full_cfm_fused_fast,argmax_nfe8,argmax,8,8,/home/coder/project/.CFM-DIFF-TEXT/cfm-text-distillation-smiles-2026/baseline/tinystories/NEW/tinystories_a100/checkpoints/best.ckpt,4a1af3fe7008567a71338e138830b56015ade41bbdb165aba1611bfb9e3041b0,68001,5.222681036684662,5.197945050895214,5.268404958769679,30,cuda,NVIDIA H100 NVL,bf16,bfloat16,bfloat16,max-autotune,1,256,0,0.18188526795711368,0.03287342559247402,77.85776266828141,512,dumps/ts_M1_68k_full_fused_fast_bf16_maxautotune.json,ts_M1_68k_full_fused_fast_bf16_maxautotune,8,8,0,bf16,/home/coder/project/.CFM-DIFF-TEXT/cfm-text-distillation-smiles-2026/results/ts_M1_M1_200k_MDLM_fused_fast_bf16_maxautotune_scores.json,/home/coder/project/.CFM-DIFF-TEXT/cfm-text-distillation-smiles-2026/artifacts/tinystories_m1_mdlm_h100_bf16_maxautotune_fair_20260808/m1_mdlm_latency.json,32.62225945945829,0.0654344431376132,78.12812649352111,6.246266856106299,-0.032561017545139175,-0.2703638252396985
M1-68k,full_cfm_fused_fast,argmax_nfe16,argmax,16,16,/home/coder/project/.CFM-DIFF-TEXT/cfm-text-distillation-smiles-2026/baseline/tinystories/NEW/tinystories_a100/checkpoints/best.ckpt,4a1af3fe7008567a71338e138830b56015ade41bbdb165aba1611bfb9e3041b0,68001,9.934906498529017,9.904628968797624,10.034754988737404,30,cuda,NVIDIA H100 NVL,bf16,bfloat16,bfloat16,max-autotune,1,256,0,0.34726761106867343,0.22004038617569827,88.68521488025567,512,dumps/ts_M1_68k_full_fused_fast_bf16_maxautotune.json,ts_M1_68k_full_fused_fast_bf16_maxautotune,16,16,0,bf16,/home/coder/project/.CFM-DIFF-TEXT/cfm-text-distillation-smiles-2026/results/ts_M1_M1_200k_MDLM_fused_fast_bf16_maxautotune_scores.json,/home/coder/project/.CFM-DIFF-TEXT/cfm-text-distillation-smiles-2026/artifacts/tinystories_m1_mdlm_h100_bf16_maxautotune_fair_20260808/m1_mdlm_latency.json,64.66159445699304,0.2381237058865902,88.67290227084946,6.5085257185426935,-0.018083319710891943,0.012312609406208708
M1-68k,full_cfm_fused_fast,argmax_nfe32,argmax,32,32,/home/coder/project/.CFM-DIFF-TEXT/cfm-text-distillation-smiles-2026/baseline/tinystories/NEW/tinystories_a100/checkpoints/best.ckpt,4a1af3fe7008567a71338e138830b56015ade41bbdb165aba1611bfb9e3041b0,68001,19.40735598327592,19.36491997912526,19.46903800126165,30,cuda,NVIDIA H100 NVL,bf16,bfloat16,bfloat16,max-autotune,1,256,0,0.6784524810500443,0.5331365997077875,89.95079652516492,512,dumps/ts_M1_68k_full_fused_fast_bf16_maxautotune.json,ts_M1_68k_full_fused_fast_bf16_maxautotune,32,32,0,bf16,/home/coder/project/.CFM-DIFF-TEXT/cfm-text-distillation-smiles-2026/results/ts_M1_M1_200k_MDLM_fused_fast_bf16_maxautotune_scores.json,/home/coder/project/.CFM-DIFF-TEXT/cfm-text-distillation-smiles-2026/artifacts/tinystories_m1_mdlm_h100_bf16_maxautotune_fair_20260808/m1_mdlm_latency.json,125.73517445707694,0.5066806842858907,90.41425357146171,6.478737988081832,0.026455915421896736,-0.46345704629679574
MDLM,mdlm_fused_fast,sample_nfe16,sample,16,17,/home/coder/project/.CFM-DIFF-TEXT/cfm-text-distillation-smiles-2026/baseline/MDLM_best.pt,7b5e5cfc69094e7cd17f45aa8b7f2ae911f42bd55563d361814e6efde319ba7d,100000,32.18253201339394,31.6161229275167,33.35899696685374,30,cuda,NVIDIA H100 NVL,bf16,bfloat16,bfloat16,max-autotune,1,256,0,22.505258008022793,0.8976470818110478,26.523626921774092,512,dumps/ts_MDLM_fused_fast_bf16_maxautotune.json,ts_MDLM_fused_fast_bf16_maxautotune,16,16,0,bf16,/home/coder/project/.CFM-DIFF-TEXT/cfm-text-distillation-smiles-2026/results/ts_M1_M1_200k_MDLM_fused_fast_bf16_maxautotune_scores.json,/home/coder/project/.CFM-DIFF-TEXT/cfm-text-distillation-smiles-2026/artifacts/tinystories_m1_mdlm_h100_bf16_maxautotune_fair_20260808/m1_mdlm_latency.json,127.974450471811,0.9157371160518336,26.99331552197417,3.9765190140586126,-0.018090034240785813,-0.4696886002000795
MDLM,mdlm_fused_fast,sample_nfe32,sample,32,33,/home/coder/project/.CFM-DIFF-TEXT/cfm-text-distillation-smiles-2026/baseline/MDLM_best.pt,7b5e5cfc69094e7cd17f45aa8b7f2ae911f42bd55563d361814e6efde319ba7d,100000,62.30052298633382,62.01293901540339,64.66485001146793,30,cuda,NVIDIA H100 NVL,bf16,bfloat16,bfloat16,max-autotune,1,256,0,2.2040918179554865,0.9223202305003977,19.891896602507757,512,dumps/ts_MDLM_fused_fast_bf16_maxautotune.json,ts_MDLM_fused_fast_bf16_maxautotune,32,32,0,bf16,/home/coder/project/.CFM-DIFF-TEXT/cfm-text-distillation-smiles-2026/results/ts_M1_M1_200k_MDLM_fused_fast_bf16_maxautotune_scores.json,/home/coder/project/.CFM-DIFF-TEXT/cfm-text-distillation-smiles-2026/artifacts/tinystories_m1_mdlm_h100_bf16_maxautotune_fair_20260808/m1_mdlm_latency.json,248.95840045064688,0.9418215924196468,20.09905616968245,3.9960884518619233,-0.019501361919249116,-0.20715956717469197
MDLM,mdlm_fused_fast,sample_nfe64,sample,64,64,/home/coder/project/.CFM-DIFF-TEXT/cfm-text-distillation-smiles-2026/baseline/MDLM_best.pt,7b5e5cfc69094e7cd17f45aa8b7f2ae911f42bd55563d361814e6efde319ba7d,100000,121.5473665506579,121.2554780067876,122.1032909816131,30,cuda,NVIDIA H100 NVL,bf16,bfloat16,bfloat16,max-autotune,1,256,1,4.2798747449414805,0.9031203523686822,17.346086083967634,512,dumps/ts_MDLM_fused_fast_bf16_maxautotune.json,ts_MDLM_fused_fast_bf16_maxautotune,64,64,0,bf16,/home/coder/project/.CFM-DIFF-TEXT/cfm-text-distillation-smiles-2026/results/ts_M1_M1_200k_MDLM_fused_fast_bf16_maxautotune_scores.json,/home/coder/project/.CFM-DIFF-TEXT/cfm-text-distillation-smiles-2026/artifacts/tinystories_m1_mdlm_h100_bf16_maxautotune_fair_20260808/m1_mdlm_latency.json,482.9318565316498,0.944584863432284,17.13951299590466,3.9731988461500394,-0.04146451106360183,0.20657308806297436
MDLM,mdlm_fused_fast,sample_nfe128,sample,128,108,/home/coder/project/.CFM-DIFF-TEXT/cfm-text-distillation-smiles-2026/baseline/MDLM_best.pt,7b5e5cfc69094e7cd17f45aa8b7f2ae911f42bd55563d361814e6efde319ba7d,100000,232.66327497549355,232.34549805056304,233.1018620170653,30,cuda,NVIDIA H100 NVL,bf16,bfloat16,bfloat16,max-autotune,1,256,21,8.146748839062639,0.9555819128615943,16.080200400980733,512,dumps/ts_MDLM_fused_fast_bf16_maxautotune.json,ts_MDLM_fused_fast_bf16_maxautotune,128,128,0,bf16,/home/coder/project/.CFM-DIFF-TEXT/cfm-text-distillation-smiles-2026/results/ts_M1_M1_200k_MDLM_fused_fast_bf16_maxautotune_scores.json,/home/coder/project/.CFM-DIFF-TEXT/cfm-text-distillation-smiles-2026/artifacts/tinystories_m1_mdlm_h100_bf16_maxautotune_fair_20260808/m1_mdlm_latency.json,862.3414664762095,0.9157252231699368,15.860247896150817,3.7063927109555213,0.039856689691657565,0.2199525048299158
MDLM,mdlm_fused_fast,sample_nfe256,sample,256,168,/home/coder/project/.CFM-DIFF-TEXT/cfm-text-distillation-smiles-2026/baseline/MDLM_best.pt,7b5e5cfc69094e7cd17f45aa8b7f2ae911f42bd55563d361814e6efde319ba7d,100000,442.7777325036004,442.01595103368163,443.8509399769828,30,cuda,NVIDIA H100 NVL,bf16,bfloat16,bfloat16,max-autotune,1,256,89,15.499325498007238,0.9186669530793264,15.379791615561528,512,dumps/ts_MDLM_fused_fast_bf16_maxautotune.json,ts_MDLM_fused_fast_bf16_maxautotune,256,256,0,bf16,/home/coder/project/.CFM-DIFF-TEXT/cfm-text-distillation-smiles-2026/results/ts_M1_M1_200k_MDLM_fused_fast_bf16_maxautotune_scores.json,/home/coder/project/.CFM-DIFF-TEXT/cfm-text-distillation-smiles-2026/artifacts/tinystories_m1_mdlm_h100_bf16_maxautotune_fair_20260808/m1_mdlm_latency.json,1503.7502740160562,0.9436481431748892,15.409348021352406,3.3961741154267022,-0.024981190095562766,-0.029556405790877704
