model,sampler,point,discretize,steps_per_block,total_denoising_nfe,backbone_calls_per_sequence,separate_cache_calls,checkpoint,checkpoint_step,checkpoint_hash,sequence_latency_ms,sequence_latency_p10_ms,sequence_latency_p90_ms,sequence_latency_repeats,previous_fast_latency_ms,speedup_vs_previous_fast,latency_device,latency_gpu_name,precision,parameter_dtype,compute_dtype,compile_mode,batch_size,length,point_benchmark_seconds,mauve,gen_ppl,quality_n_samples,quality_dump,quality_label,dtype,quality_source,latency_source
BD3-LM,bd3lm_fused_ancestral,sample_nfe1,sample,1,16,16,0,/home/coder/project/.CFM-DIFF-TEXT/cfm-text-distillation-smiles-2026/baseline/BD3LM_best.pt,100000,c6d4ac8e5b265e565bed7819463a57be3058742eadb2696413cf288c0cd4644f,19.611534953583032,19.386205007322133,20.13279206585139,30,178.64071507938206,9.108961409812768,cuda,NVIDIA H100 NVL,bf16,bfloat16,bfloat16,max-autotune,1,256,55.312412010040134,0.004760156043622503,633.9896281024589,512,dumps/ts_BD3LM_fused_fast_bf16_maxautotune.json,BD3LM_fused_fast_bf16_maxautotune,bf16,/home/coder/project/.CFM-DIFF-TEXT/cfm-text-distillation-smiles-2026/results/ts_M2_M3_BD3_fused_fast_bf16_maxautotune_scores.json,/home/coder/project/.CFM-DIFF-TEXT/cfm-text-distillation-smiles-2026/artifacts/tinystories_fused_sampler_h100_bf16_maxautotune_fair_20260807/fused_sampler_latency.json
BD3-LM,bd3lm_fused_ancestral,sample_nfe2,sample,2,32,32,0,/home/coder/project/.CFM-DIFF-TEXT/cfm-text-distillation-smiles-2026/baseline/BD3LM_best.pt,100000,c6d4ac8e5b265e565bed7819463a57be3058742eadb2696413cf288c0cd4644f,33.58786250464618,33.319166977889836,33.894203952513635,30,265.01545147038996,7.890214848704069,cuda,NVIDIA H100 NVL,bf16,bfloat16,bfloat16,max-autotune,1,256,24.644427739083767,0.007656266507674821,238.3922728854827,512,dumps/ts_BD3LM_fused_fast_bf16_maxautotune.json,BD3LM_fused_fast_bf16_maxautotune,bf16,/home/coder/project/.CFM-DIFF-TEXT/cfm-text-distillation-smiles-2026/results/ts_M2_M3_BD3_fused_fast_bf16_maxautotune_scores.json,/home/coder/project/.CFM-DIFF-TEXT/cfm-text-distillation-smiles-2026/artifacts/tinystories_fused_sampler_h100_bf16_maxautotune_fair_20260807/fused_sampler_latency.json
BD3-LM,bd3lm_fused_ancestral,sample_nfe4,sample,4,64,64,0,/home/coder/project/.CFM-DIFF-TEXT/cfm-text-distillation-smiles-2026/baseline/BD3LM_best.pt,100000,c6d4ac8e5b265e565bed7819463a57be3058742eadb2696413cf288c0cd4644f,60.141020512674004,59.8499639891088,60.48908899538219,30,448.5736089409329,7.458696329344816,cuda,NVIDIA H100 NVL,bf16,bfloat16,bfloat16,max-autotune,1,256,2.1059296899475157,0.27964801902424863,72.0775948729257,512,dumps/ts_BD3LM_fused_fast_bf16_maxautotune.json,BD3LM_fused_fast_bf16_maxautotune,bf16,/home/coder/project/.CFM-DIFF-TEXT/cfm-text-distillation-smiles-2026/results/ts_M2_M3_BD3_fused_fast_bf16_maxautotune_scores.json,/home/coder/project/.CFM-DIFF-TEXT/cfm-text-distillation-smiles-2026/artifacts/tinystories_fused_sampler_h100_bf16_maxautotune_fair_20260807/fused_sampler_latency.json
BD3-LM,bd3lm_fused_ancestral,sample_nfe8,sample,8,128,128,0,/home/coder/project/.CFM-DIFF-TEXT/cfm-text-distillation-smiles-2026/baseline/BD3LM_best.pt,100000,c6d4ac8e5b265e565bed7819463a57be3058742eadb2696413cf288c0cd4644f,111.08001397224143,110.36992399021983,111.5692249732092,30,835.2268744492903,7.519146285469599,cuda,NVIDIA H100 NVL,bf16,bfloat16,bfloat16,max-autotune,1,256,3.89006673800759,0.9252417417018648,33.87701473118701,512,dumps/ts_BD3LM_fused_fast_bf16_maxautotune.json,BD3LM_fused_fast_bf16_maxautotune,bf16,/home/coder/project/.CFM-DIFF-TEXT/cfm-text-distillation-smiles-2026/results/ts_M2_M3_BD3_fused_fast_bf16_maxautotune_scores.json,/home/coder/project/.CFM-DIFF-TEXT/cfm-text-distillation-smiles-2026/artifacts/tinystories_fused_sampler_h100_bf16_maxautotune_fair_20260807/fused_sampler_latency.json
BD3-LM,bd3lm_fused_ancestral,sample_nfe16,sample,16,256,256,0,/home/coder/project/.CFM-DIFF-TEXT/cfm-text-distillation-smiles-2026/baseline/BD3LM_best.pt,100000,c6d4ac8e5b265e565bed7819463a57be3058742eadb2696413cf288c0cd4644f,212.16629998525605,210.5697690276429,217.0291090151295,30,1508.3229019655846,7.10915400829633,cuda,NVIDIA H100 NVL,bf16,bfloat16,bfloat16,max-autotune,1,256,7.45330777799245,0.8899473846137991,21.611069509908955,512,dumps/ts_BD3LM_fused_fast_bf16_maxautotune.json,BD3LM_fused_fast_bf16_maxautotune,bf16,/home/coder/project/.CFM-DIFF-TEXT/cfm-text-distillation-smiles-2026/results/ts_M2_M3_BD3_fused_fast_bf16_maxautotune_scores.json,/home/coder/project/.CFM-DIFF-TEXT/cfm-text-distillation-smiles-2026/artifacts/tinystories_fused_sampler_h100_bf16_maxautotune_fair_20260807/fused_sampler_latency.json
BD3-LM,bd3lm_fused_first_hitting,sample_nfe256,sample,16,256,256,0,/home/coder/project/.CFM-DIFF-TEXT/cfm-text-distillation-smiles-2026/baseline/BD3LM_best.pt,100000,c6d4ac8e5b265e565bed7819463a57be3058742eadb2696413cf288c0cd4644f,266.5106274653226,260.2230159100145,272.0305569237098,30,1551.9011100404896,5.823036495017135,cuda,NVIDIA H100 NVL,bf16,bfloat16,bfloat16,max-autotune,1,256,9.33313274406828,0.9459091261216842,13.52045245964736,512,dumps/ts_BD3LM_fused_fast_bf16_maxautotune.json,BD3LM_fused_fast_bf16_maxautotune,bf16,/home/coder/project/.CFM-DIFF-TEXT/cfm-text-distillation-smiles-2026/results/ts_M2_M3_BD3_fused_fast_bf16_maxautotune_scores.json,/home/coder/project/.CFM-DIFF-TEXT/cfm-text-distillation-smiles-2026/artifacts/tinystories_fused_sampler_h100_bf16_maxautotune_fair_20260807/fused_sampler_latency.json
BD3-LM,bd3lm_fused_ancestral,sample_nfe32,sample,32,512,512,0,/home/coder/project/.CFM-DIFF-TEXT/cfm-text-distillation-smiles-2026/baseline/BD3LM_best.pt,100000,c6d4ac8e5b265e565bed7819463a57be3058742eadb2696413cf288c0cd4644f,416.53832548763603,412.47286600992084,446.82945508975536,30,3032.757963053882,7.280861753845752,cuda,NVIDIA H100 NVL,bf16,bfloat16,bfloat16,max-autotune,1,256,14.90015516395215,0.9401464870122784,17.45817528678108,512,dumps/ts_BD3LM_fused_fast_bf16_maxautotune.json,BD3LM_fused_fast_bf16_maxautotune,bf16,/home/coder/project/.CFM-DIFF-TEXT/cfm-text-distillation-smiles-2026/results/ts_M2_M3_BD3_fused_fast_bf16_maxautotune_scores.json,/home/coder/project/.CFM-DIFF-TEXT/cfm-text-distillation-smiles-2026/artifacts/tinystories_fused_sampler_h100_bf16_maxautotune_fair_20260807/fused_sampler_latency.json
M2,block_causal_fused_fast,argmax_nfe1,argmax,1,16,16,0,/home/coder/project/.CFM-DIFF-TEXT/cfm-text-distillation-smiles-2026/baseline/tinystories/NEW/tinystories_a100/checkpoints/best.ckpt,68001,4a1af3fe7008567a71338e138830b56015ade41bbdb165aba1611bfb9e3041b0,12.531084998045117,12.41024595219642,12.762738042511046,30,22.343715943861753,1.7830631543355928,cuda,NVIDIA H100 NVL,bf16,bfloat16,bfloat16,max-autotune,1,256,17.683923634933308,0.004530142543431929,51.80174668269361,512,dumps/ts_M2_source_fused_fast_bf16_maxautotune.json,ts_M2_source_fused_fast_bf16_maxautotune,bf16,/home/coder/project/.CFM-DIFF-TEXT/cfm-text-distillation-smiles-2026/results/ts_M2_M3_BD3_fused_fast_bf16_maxautotune_scores.json,/home/coder/project/.CFM-DIFF-TEXT/cfm-text-distillation-smiles-2026/artifacts/tinystories_fused_sampler_h100_bf16_maxautotune_fair_20260807/fused_sampler_latency.json
M2,block_causal_fused_fast,argmax_nfe2,argmax,2,32,32,0,/home/coder/project/.CFM-DIFF-TEXT/cfm-text-distillation-smiles-2026/baseline/tinystories/NEW/tinystories_a100/checkpoints/best.ckpt,68001,4a1af3fe7008567a71338e138830b56015ade41bbdb165aba1611bfb9e3041b0,21.848860022146255,20.94477496575564,22.626721067354083,30,33.40327297337353,1.5288336755105572,cuda,NVIDIA H100 NVL,bf16,bfloat16,bfloat16,max-autotune,1,256,7.757561065023765,0.005143377520791531,61.22471020904986,512,dumps/ts_M2_source_fused_fast_bf16_maxautotune.json,ts_M2_source_fused_fast_bf16_maxautotune,bf16,/home/coder/project/.CFM-DIFF-TEXT/cfm-text-distillation-smiles-2026/results/ts_M2_M3_BD3_fused_fast_bf16_maxautotune_scores.json,/home/coder/project/.CFM-DIFF-TEXT/cfm-text-distillation-smiles-2026/artifacts/tinystories_fused_sampler_h100_bf16_maxautotune_fair_20260807/fused_sampler_latency.json
M2,block_causal_fused_fast,argmax_nfe4,argmax,4,64,64,0,/home/coder/project/.CFM-DIFF-TEXT/cfm-text-distillation-smiles-2026/baseline/tinystories/NEW/tinystories_a100/checkpoints/best.ckpt,68001,4a1af3fe7008567a71338e138830b56015ade41bbdb165aba1611bfb9e3041b0,37.25149598903954,33.28200406394899,50.17434502951801,30,55.66390900639817,1.4942731165152694,cuda,NVIDIA H100 NVL,bf16,bfloat16,bfloat16,max-autotune,1,256,1.3530899360775948,0.005512099189350101,149.97412554320266,512,dumps/ts_M2_source_fused_fast_bf16_maxautotune.json,ts_M2_source_fused_fast_bf16_maxautotune,bf16,/home/coder/project/.CFM-DIFF-TEXT/cfm-text-distillation-smiles-2026/results/ts_M2_M3_BD3_fused_fast_bf16_maxautotune_scores.json,/home/coder/project/.CFM-DIFF-TEXT/cfm-text-distillation-smiles-2026/artifacts/tinystories_fused_sampler_h100_bf16_maxautotune_fair_20260807/fused_sampler_latency.json
M2,block_causal_fused_fast,argmax_nfe8,argmax,8,128,128,0,/home/coder/project/.CFM-DIFF-TEXT/cfm-text-distillation-smiles-2026/baseline/tinystories/NEW/tinystories_a100/checkpoints/best.ckpt,68001,4a1af3fe7008567a71338e138830b56015ade41bbdb165aba1611bfb9e3041b0,63.29023605212569,60.51616603508592,65.76358899474144,30,100.15070997178555,1.5824037990520632,cuda,NVIDIA H100 NVL,bf16,bfloat16,bfloat16,max-autotune,1,256,2.2304303890559822,0.005996342835451035,254.763482060602,512,dumps/ts_M2_source_fused_fast_bf16_maxautotune.json,ts_M2_source_fused_fast_bf16_maxautotune,bf16,/home/coder/project/.CFM-DIFF-TEXT/cfm-text-distillation-smiles-2026/results/ts_M2_M3_BD3_fused_fast_bf16_maxautotune_scores.json,/home/coder/project/.CFM-DIFF-TEXT/cfm-text-distillation-smiles-2026/artifacts/tinystories_fused_sampler_h100_bf16_maxautotune_fair_20260807/fused_sampler_latency.json
M2,block_causal_fused_fast,argmax_nfe16,argmax,16,256,256,0,/home/coder/project/.CFM-DIFF-TEXT/cfm-text-distillation-smiles-2026/baseline/tinystories/NEW/tinystories_a100/checkpoints/best.ckpt,68001,4a1af3fe7008567a71338e138830b56015ade41bbdb165aba1611bfb9e3041b0,114.18620345648378,114.07013505231589,116.33271200116724,30,189.1860284958966,1.656820375571863,cuda,NVIDIA H100 NVL,bf16,bfloat16,bfloat16,max-autotune,1,256,4.068021611892618,0.012915411261356577,253.9415738499036,512,dumps/ts_M2_source_fused_fast_bf16_maxautotune.json,ts_M2_source_fused_fast_bf16_maxautotune,bf16,/home/coder/project/.CFM-DIFF-TEXT/cfm-text-distillation-smiles-2026/results/ts_M2_M3_BD3_fused_fast_bf16_maxautotune_scores.json,/home/coder/project/.CFM-DIFF-TEXT/cfm-text-distillation-smiles-2026/artifacts/tinystories_fused_sampler_h100_bf16_maxautotune_fair_20260807/fused_sampler_latency.json
M2,block_causal_fused_fast,argmax_nfe32,argmax,32,512,512,0,/home/coder/project/.CFM-DIFF-TEXT/cfm-text-distillation-smiles-2026/baseline/tinystories/NEW/tinystories_a100/checkpoints/best.ckpt,68001,4a1af3fe7008567a71338e138830b56015ade41bbdb165aba1611bfb9e3041b0,224.21285300515592,224.15109095163643,224.34830199927092,30,367.03261750517413,1.6369829498433526,cuda,NVIDIA H100 NVL,bf16,bfloat16,bfloat16,max-autotune,1,256,7.84938733803574,0.021817314232767886,221.96253544988232,512,dumps/ts_M2_source_fused_fast_bf16_maxautotune.json,ts_M2_source_fused_fast_bf16_maxautotune,bf16,/home/coder/project/.CFM-DIFF-TEXT/cfm-text-distillation-smiles-2026/results/ts_M2_M3_BD3_fused_fast_bf16_maxautotune_scores.json,/home/coder/project/.CFM-DIFF-TEXT/cfm-text-distillation-smiles-2026/artifacts/tinystories_fused_sampler_h100_bf16_maxautotune_fair_20260807/fused_sampler_latency.json
M3,block_causal_fused_fast,argmax_nfe1,argmax,1,16,16,0,/home/coder/project/.CFM-DIFF-TEXT/cfm-text-distillation-smiles-2026/logs/train/2026-07-28_12-43-24_12345_local/checkpoints/step_0100000.ckpt,100000,1a69c085a780f9d3af00e1e3a923611c7c6b65ccb85c7eac6cff36be51cdc7f5,13.26122198952362,13.031057082116604,13.527736999094486,30,22.531223483383656,1.6990307153581583,cuda,NVIDIA H100 NVL,bf16,bfloat16,bfloat16,max-autotune,1,256,4.805737576913089,0.007825940525399408,48.75481605919515,512,dumps/ts_M3_step100000_fused_fast_bf16_maxautotune.json,ts_M3_step100000_fused_fast_bf16_maxautotune,bf16,/home/coder/project/.CFM-DIFF-TEXT/cfm-text-distillation-smiles-2026/results/ts_M2_M3_BD3_fused_fast_bf16_maxautotune_scores.json,/home/coder/project/.CFM-DIFF-TEXT/cfm-text-distillation-smiles-2026/artifacts/tinystories_fused_sampler_h100_bf16_maxautotune_fair_20260807/fused_sampler_latency.json
M3,block_causal_fused_fast,argmax_nfe2,argmax,2,32,32,0,/home/coder/project/.CFM-DIFF-TEXT/cfm-text-distillation-smiles-2026/logs/train/2026-07-28_12-43-24_12345_local/checkpoints/step_0100000.ckpt,100000,1a69c085a780f9d3af00e1e3a923611c7c6b65ccb85c7eac6cff36be51cdc7f5,21.530169527977705,20.619193906895816,22.3820130340755,30,33.609977981541306,1.5610642516245081,cuda,NVIDIA H100 NVL,bf16,bfloat16,bfloat16,max-autotune,1,256,4.8272866669576615,0.010017246349158501,49.27816692467101,512,dumps/ts_M3_step100000_fused_fast_bf16_maxautotune.json,ts_M3_step100000_fused_fast_bf16_maxautotune,bf16,/home/coder/project/.CFM-DIFF-TEXT/cfm-text-distillation-smiles-2026/results/ts_M2_M3_BD3_fused_fast_bf16_maxautotune_scores.json,/home/coder/project/.CFM-DIFF-TEXT/cfm-text-distillation-smiles-2026/artifacts/tinystories_fused_sampler_h100_bf16_maxautotune_fair_20260807/fused_sampler_latency.json
M3,block_causal_fused_fast,argmax_nfe4,argmax,4,64,64,0,/home/coder/project/.CFM-DIFF-TEXT/cfm-text-distillation-smiles-2026/logs/train/2026-07-28_12-43-24_12345_local/checkpoints/step_0100000.ckpt,100000,1a69c085a780f9d3af00e1e3a923611c7c6b65ccb85c7eac6cff36be51cdc7f5,34.349410503637046,33.90679904259741,35.26920999865979,30,56.01284251315519,1.63067842189677,cuda,NVIDIA H100 NVL,bf16,bfloat16,bfloat16,max-autotune,1,256,1.2141964919865131,0.05203881566877934,46.35595524548573,512,dumps/ts_M3_step100000_fused_fast_bf16_maxautotune.json,ts_M3_step100000_fused_fast_bf16_maxautotune,bf16,/home/coder/project/.CFM-DIFF-TEXT/cfm-text-distillation-smiles-2026/results/ts_M2_M3_BD3_fused_fast_bf16_maxautotune_scores.json,/home/coder/project/.CFM-DIFF-TEXT/cfm-text-distillation-smiles-2026/artifacts/tinystories_fused_sampler_h100_bf16_maxautotune_fair_20260807/fused_sampler_latency.json
M3,block_causal_fused_fast,argmax_nfe8,argmax,8,128,128,0,/home/coder/project/.CFM-DIFF-TEXT/cfm-text-distillation-smiles-2026/logs/train/2026-07-28_12-43-24_12345_local/checkpoints/step_0100000.ckpt,100000,1a69c085a780f9d3af00e1e3a923611c7c6b65ccb85c7eac6cff36be51cdc7f5,60.74727652594447,60.13412005268037,61.497671995311975,30,100.71302653523162,1.6579019224379257,cuda,NVIDIA H100 NVL,bf16,bfloat16,bfloat16,max-autotune,1,256,2.1314118209993467,0.45581039679677837,50.613492406796865,512,dumps/ts_M3_step100000_fused_fast_bf16_maxautotune.json,ts_M3_step100000_fused_fast_bf16_maxautotune,bf16,/home/coder/project/.CFM-DIFF-TEXT/cfm-text-distillation-smiles-2026/results/ts_M2_M3_BD3_fused_fast_bf16_maxautotune_scores.json,/home/coder/project/.CFM-DIFF-TEXT/cfm-text-distillation-smiles-2026/artifacts/tinystories_fused_sampler_h100_bf16_maxautotune_fair_20260807/fused_sampler_latency.json
M3,block_causal_fused_fast,argmax_nfe16,argmax,16,256,256,0,/home/coder/project/.CFM-DIFF-TEXT/cfm-text-distillation-smiles-2026/logs/train/2026-07-28_12-43-24_12345_local/checkpoints/step_0100000.ckpt,100000,1a69c085a780f9d3af00e1e3a923611c7c6b65ccb85c7eac6cff36be51cdc7f5,114.25793898524716,114.1891380539164,116.05750804301351,30,190.09310798719525,1.6637190349787407,cuda,NVIDIA H100 NVL,bf16,bfloat16,bfloat16,max-autotune,1,256,4.022707283962518,0.6441069741788972,58.27809110343128,512,dumps/ts_M3_step100000_fused_fast_bf16_maxautotune.json,ts_M3_step100000_fused_fast_bf16_maxautotune,bf16,/home/coder/project/.CFM-DIFF-TEXT/cfm-text-distillation-smiles-2026/results/ts_M2_M3_BD3_fused_fast_bf16_maxautotune_scores.json,/home/coder/project/.CFM-DIFF-TEXT/cfm-text-distillation-smiles-2026/artifacts/tinystories_fused_sampler_h100_bf16_maxautotune_fair_20260807/fused_sampler_latency.json
M3,block_causal_fused_fast,argmax_nfe32,argmax,32,512,512,0,/home/coder/project/.CFM-DIFF-TEXT/cfm-text-distillation-smiles-2026/logs/train/2026-07-28_12-43-24_12345_local/checkpoints/step_0100000.ckpt,100000,1a69c085a780f9d3af00e1e3a923611c7c6b65ccb85c7eac6cff36be51cdc7f5,224.12699944106862,224.0370319923386,224.8344930121675,30,368.8172374968417,1.645572547781409,cuda,NVIDIA H100 NVL,bf16,bfloat16,bfloat16,max-autotune,1,256,7.869187150965445,0.722991913005425,62.30368372010886,512,dumps/ts_M3_step100000_fused_fast_bf16_maxautotune.json,ts_M3_step100000_fused_fast_bf16_maxautotune,bf16,/home/coder/project/.CFM-DIFF-TEXT/cfm-text-distillation-smiles-2026/results/ts_M2_M3_BD3_fused_fast_bf16_maxautotune_scores.json,/home/coder/project/.CFM-DIFF-TEXT/cfm-text-distillation-smiles-2026/artifacts/tinystories_fused_sampler_h100_bf16_maxautotune_fair_20260807/fused_sampler_latency.json
