_exp,metric_schema,dataset,model,sampler,block_size,steps_per_block,flow_nfe_total,flow_nfe_per_token,cache_encode_forwards,nfe_total,nfe_per_token,context_token_cost_per_token,cost_model,seed,prefix,discretize,schedule,gen_ppl,tokens_per_sec,sampling_seconds,sequence_latency_ms,sequence_latency_p10_ms,sequence_latency_p90_ms,sequence_latency_repeats,latency_device,report_block_size,n_samples,commit
base_ar_L256_seed0,network_forwards_v2,text8,AR,ar,1,1,256,1.0,0,256,1.0,,baseline_diagnostics_nfe,0,generated,sample,,67.8240966796875,3630.5141450836386,36.102875450160354,4687.786163529381,3871.5323749929667,5184.067335911095,30,cuda,16,512,
base_ar_L256_seed1,network_forwards_v2,text8,AR,ar,1,1,256,1.0,0,256,1.0,,baseline_diagnostics_nfe,1,generated,sample,,66.33881378173828,3670.637645800173,35.70823727315292,,,,,,16,512,
base_ar_L256_seed2,network_forwards_v2,text8,AR,ar,1,1,256,1.0,0,256,1.0,,baseline_diagnostics_nfe,2,generated,sample,,68.16608428955078,3592.7707252291866,36.482149857096374,,,,,,16,512,
base_bd3_B16_s16_nofh_L256_seed0,network_forwards_v2,text8,BD3LM,bd3lm,16,16,256,1.0,0,256,1.0,,baseline_diagnostics_nfe,0,generated,sample,,642.0032348632812,1159.2110977239968,113.0700010182336,4949.425809783861,4662.786800879985,5331.933720037341,30,cuda,16,512,
base_bd3_B16_s16_nofh_L256_seed1,network_forwards_v2,text8,BD3LM,bd3lm,16,16,256,1.0,0,256,1.0,,baseline_diagnostics_nfe,1,generated,sample,,626.8738403320312,1228.4143549013404,106.70015331311151,,,,,,16,512,
base_bd3_B16_s16_nofh_L256_seed2,network_forwards_v2,text8,BD3LM,bd3lm,16,16,256,1.0,0,256,1.0,,baseline_diagnostics_nfe,2,generated,sample,,600.1923217773438,1069.3056777152203,122.57673622388393,,,,,,16,512,
base_bd3_B16_s1_nofh_L256_seed0,network_forwards_v2,text8,BD3LM,bd3lm,16,1,16,0.0625,0,16,0.0625,,baseline_diagnostics_nfe,0,generated,sample,,761.33837890625,9589.976056636948,13.667604509741068,458.9695285540074,453.5824931226671,483.329214155674,30,cuda,16,512,
base_bd3_B16_s1_nofh_L256_seed1,network_forwards_v2,text8,BD3LM,bd3lm,16,1,16,0.0625,0,16,0.0625,,baseline_diagnostics_nfe,1,generated,sample,,776.1427612304688,14789.353267342232,8.862591732759029,,,,,,16,512,
base_bd3_B16_s1_nofh_L256_seed2,network_forwards_v2,text8,BD3LM,bd3lm,16,1,16,0.0625,0,16,0.0625,,baseline_diagnostics_nfe,2,generated,sample,,765.9140014648438,9325.617361031902,14.05504803871736,,,,,,16,512,
base_bd3_B16_s2_nofh_L256_seed0,network_forwards_v2,text8,BD3LM,bd3lm,16,2,32,0.125,0,32,0.125,,baseline_diagnostics_nfe,0,generated,sample,,903.2654418945312,6444.011527722766,20.3401250038296,692.4201510846615,684.8711958155036,705.1309333182871,30,cuda,16,512,
base_bd3_B16_s2_nofh_L256_seed1,network_forwards_v2,text8,BD3LM,bd3lm,16,2,32,0.125,0,32,0.125,,baseline_diagnostics_nfe,1,generated,sample,,878.1854858398438,6848.701590453188,19.138226168695837,,,,,,16,512,
base_bd3_B16_s2_nofh_L256_seed2,network_forwards_v2,text8,BD3LM,bd3lm,16,2,32,0.125,0,32,0.125,,baseline_diagnostics_nfe,2,generated,sample,,905.5441284179688,6261.782765835548,20.932057993952185,,,,,,16,512,
base_bd3_B16_s4_nofh_L256_seed0,network_forwards_v2,text8,BD3LM,bd3lm,16,4,64,0.25,0,64,0.25,,baseline_diagnostics_nfe,0,generated,sample,,906.9853515625,4115.239124928496,31.85039702942595,1485.795630607754,1304.1433906182647,1692.6355734467506,30,cuda,16,512,
base_bd3_B16_s4_nofh_L256_seed1,network_forwards_v2,text8,BD3LM,bd3lm,16,4,64,0.25,0,64,0.25,,baseline_diagnostics_nfe,1,generated,sample,,906.8755493164062,4199.447053248107,31.211728196125478,,,,,,16,512,
base_bd3_B16_s4_nofh_L256_seed2,network_forwards_v2,text8,BD3LM,bd3lm,16,4,64,0.25,0,64,0.25,,baseline_diagnostics_nfe,2,generated,sample,,890.9954833984375,3692.2472680196743,35.499247608706355,,,,,,16,512,
base_bd3_B16_s8_nofh_L256_seed0,network_forwards_v2,text8,BD3LM,bd3lm,16,8,128,0.5,0,128,0.5,,baseline_diagnostics_nfe,0,generated,sample,,763.9833984375,2140.333924853545,61.23904241202399,2670.486801536754,2493.148166220635,2848.3775430358946,30,cuda,16,512,
base_bd3_B16_s8_nofh_L256_seed1,network_forwards_v2,text8,BD3LM,bd3lm,16,8,128,0.5,0,128,0.5,,baseline_diagnostics_nfe,1,generated,sample,,773.9263916015625,3436.69861451306,38.13892770418897,,,,,,16,512,
base_bd3_B16_s8_nofh_L256_seed2,network_forwards_v2,text8,BD3LM,bd3lm,16,8,128,0.5,0,128,0.5,,baseline_diagnostics_nfe,2,generated,sample,,762.84033203125,2066.6824570871386,63.42145091062412,,,,,,16,512,
base_mdlm_s128_L256_seed0,network_forwards_v2,text8,MDLM,mdlm,256,128,129,0.50390625,0,129,0.50390625,,baseline_diagnostics_nfe,0,generated,sample,,1185.945556640625,207.73390485740387,630.9610368609428,2108.5630857851356,1904.6171722002327,2678.121082019061,30,cuda,16,512,
base_mdlm_s128_L256_seed1,network_forwards_v2,text8,MDLM,mdlm,256,128,129,0.50390625,0,129,0.50390625,,baseline_diagnostics_nfe,1,generated,sample,,1198.1162109375,215.71294843090817,607.622309895698,,,,,,16,512,
base_mdlm_s128_L256_seed2,network_forwards_v2,text8,MDLM,mdlm,256,128,129,0.50390625,0,129,0.50390625,,baseline_diagnostics_nfe,2,generated,sample,,1182.05126953125,207.63243181962915,631.2693968438543,,,,,,16,512,
base_mdlm_s16_L256_seed0,network_forwards_v2,text8,MDLM,mdlm,256,16,17,0.06640625,0,17,0.06640625,,baseline_diagnostics_nfe,0,generated,sample,,1371.0177001953125,1734.0577417307302,75.58687167428434,257.6500573195517,253.4422753378749,264.9047109298408,30,cuda,16,512,
base_mdlm_s16_L256_seed1,network_forwards_v2,text8,MDLM,mdlm,256,16,17,0.06640625,0,17,0.06640625,,baseline_diagnostics_nfe,1,generated,sample,,1357.048095703125,1601.6600760920749,81.83509219996631,,,,,,16,512,
base_mdlm_s16_L256_seed2,network_forwards_v2,text8,MDLM,mdlm,256,16,17,0.06640625,0,17,0.06640625,,baseline_diagnostics_nfe,2,generated,sample,,1353.420166015625,1554.7182646610054,84.30594981694594,,,,,,16,512,
base_mdlm_s1_L256_seed0,network_forwards_v2,text8,MDLM,mdlm,256,1,2,0.0078125,0,2,0.0078125,,baseline_diagnostics_nfe,0,generated,sample,,442.9404296875,20988.318473161147,6.244997671805322,34.42698158323765,33.254207111895084,36.41489986330271,30,cuda,16,512,
base_mdlm_s1_L256_seed1,network_forwards_v2,text8,MDLM,mdlm,256,1,2,0.0078125,0,2,0.0078125,,baseline_diagnostics_nfe,1,generated,sample,,437.8712463378906,20347.793028067434,6.441583115141839,,,,,,16,512,
base_mdlm_s1_L256_seed2,network_forwards_v2,text8,MDLM,mdlm,256,1,2,0.0078125,0,2,0.0078125,,baseline_diagnostics_nfe,2,generated,sample,,438.2366027832031,20412.352583383847,6.421209875959903,,,,,,16,512,
base_mdlm_s2_L256_seed0,network_forwards_v2,text8,MDLM,mdlm,256,2,3,0.01171875,0,3,0.01171875,,baseline_diagnostics_nfe,0,generated,sample,,1016.4609985351562,13698.582368439356,9.568289365619421,44.17223948985338,42.84801473841071,47.62104619294405,30,cuda,16,512,
base_mdlm_s2_L256_seed1,network_forwards_v2,text8,MDLM,mdlm,256,2,3,0.01171875,0,3,0.01171875,,baseline_diagnostics_nfe,1,generated,sample,,1028.425048828125,13466.14112325996,9.73344915965572,,,,,,16,512,
base_mdlm_s2_L256_seed2,network_forwards_v2,text8,MDLM,mdlm,256,2,3,0.01171875,0,3,0.01171875,,baseline_diagnostics_nfe,2,generated,sample,,1028.3878173828125,13667.098146923949,9.590331363026053,,,,,,16,512,
base_mdlm_s32_L256_seed0,network_forwards_v2,text8,MDLM,mdlm,256,32,33,0.12890625,0,33,0.12890625,,baseline_diagnostics_nfe,0,generated,sample,,1297.79345703125,832.8039631572519,157.38637878606096,587.3732422478497,533.8854710571468,637.0693109929562,30,cuda,16,512,
base_mdlm_s32_L256_seed1,network_forwards_v2,text8,MDLM,mdlm,256,32,33,0.12890625,0,33,0.12890625,,baseline_diagnostics_nfe,1,generated,sample,,1297.4625244140625,824.6907107002106,158.93473553098738,,,,,,16,512,
base_mdlm_s32_L256_seed2,network_forwards_v2,text8,MDLM,mdlm,256,32,33,0.12890625,0,33,0.12890625,,baseline_diagnostics_nfe,2,generated,sample,,1289.720703125,789.5704087919272,166.0041948640719,,,,,,16,512,
base_mdlm_s4_L256_seed0,network_forwards_v2,text8,MDLM,mdlm,256,4,5,0.01953125,0,5,0.01953125,,baseline_diagnostics_nfe,0,generated,sample,,1350.3143310546875,8300.921616368432,15.790053931064904,77.07166159525514,74.01845511049032,79.98100901022553,30,cuda,16,512,
base_mdlm_s4_L256_seed1,network_forwards_v2,text8,MDLM,mdlm,256,4,5,0.01953125,0,5,0.01953125,,baseline_diagnostics_nfe,1,generated,sample,,1348.86572265625,8267.344027964382,15.854184797033668,,,,,,16,512,
base_mdlm_s4_L256_seed2,network_forwards_v2,text8,MDLM,mdlm,256,4,5,0.01953125,0,5,0.01953125,,baseline_diagnostics_nfe,2,generated,sample,,1376.77490234375,8260.09443448115,15.868099455721676,,,,,,16,512,
base_mdlm_s64_L256_seed0,network_forwards_v2,text8,MDLM,mdlm,256,64,65,0.25390625,0,65,0.25390625,,baseline_diagnostics_nfe,0,generated,sample,,1232.374755859375,418.71303829579114,313.0353918126784,991.9236621353775,946.7801959253848,1017.6540440879762,30,cuda,16,512,
base_mdlm_s64_L256_seed1,network_forwards_v2,text8,MDLM,mdlm,256,64,65,0.25390625,0,65,0.25390625,,baseline_diagnostics_nfe,1,generated,sample,,1256.2108154296875,442.93392228024794,295.9177281460725,,,,,,16,512,
base_mdlm_s64_L256_seed2,network_forwards_v2,text8,MDLM,mdlm,256,64,65,0.25390625,0,65,0.25390625,,baseline_diagnostics_nfe,2,generated,sample,,1269.2391357421875,422.34449459085744,310.3438109853305,,,,,,16,512,
base_mdlm_s8_L256_seed0,network_forwards_v2,text8,MDLM,mdlm,256,8,9,0.03515625,0,9,0.03515625,,baseline_diagnostics_nfe,0,generated,sample,,1442.6688232421875,4594.285603502388,28.529353921767324,134.82265220955014,131.3493219204247,141.100509557873,30,cuda,16,512,
base_mdlm_s8_L256_seed1,network_forwards_v2,text8,MDLM,mdlm,256,8,9,0.03515625,0,9,0.03515625,,baseline_diagnostics_nfe,1,generated,sample,,1461.10546875,4597.509322686252,28.509349476080388,,,,,,16,512,
base_mdlm_s8_L256_seed2,network_forwards_v2,text8,MDLM,mdlm,256,8,9,0.03515625,0,9,0.03515625,,baseline_diagnostics_nfe,2,generated,sample,,1465.161865234375,4599.842677687618,28.494887582957745,,,,,,16,512,
m3cmp_m3_kv_B16_s16_L256_seed0,network_forwards_v2,text8,M3,bcfm_infer,16,16,256,1.0,15,271,1.05859375,143.5,cached_context_token_proxy,0,generated,argmax,,714.376953125,3046.343440241109,43.02600890910253,2808.593780035153,2771.314543671906,2833.846903871745,30,cuda,16,512,bebf2a4
m3cmp_m3_kv_B16_s16_L256_seed1,network_forwards_v2,text8,M3,bcfm_infer,16,16,256,1.0,15,271,1.05859375,143.5,cached_context_token_proxy,1,generated,argmax,,741.8181762695312,3047.3443750540428,43.011876528616995,,,,,,16,512,bebf2a4
m3cmp_m3_kv_B16_s16_L256_seed2,network_forwards_v2,text8,M3,bcfm_infer,16,16,256,1.0,15,271,1.05859375,143.5,cached_context_token_proxy,2,generated,argmax,,737.6232299804688,3044.5777653890464,43.05096144694835,,,,,,16,512,bebf2a4
m3cmp_m3_kv_B16_s1_L256_seed0,network_forwards_v2,text8,M3,bcfm_infer,16,1,16,0.0625,15,31,0.12109375,16.0,cached_context_token_proxy,0,generated,argmax,,559.45703125,25593.52693304685,5.1212949408218265,326.9591082353145,322.6287318393588,329.6903339214623,30,cuda,16,512,bebf2a4
m3cmp_m3_kv_B16_s1_L256_seed1,network_forwards_v2,text8,M3,bcfm_infer,16,1,16,0.0625,15,31,0.12109375,16.0,cached_context_token_proxy,1,generated,argmax,,557.6619262695312,25666.244763657727,5.106785242911428,,,,,,16,512,bebf2a4
m3cmp_m3_kv_B16_s1_L256_seed2,network_forwards_v2,text8,M3,bcfm_infer,16,1,16,0.0625,15,31,0.12109375,16.0,cached_context_token_proxy,2,generated,argmax,,561.1201171875,25650.72097940767,5.109875862952322,,,,,,16,512,bebf2a4
m3cmp_m3_kv_B16_s2_L256_seed0,network_forwards_v2,text8,M3,bcfm_infer,16,2,32,0.125,15,47,0.18359375,24.5,cached_context_token_proxy,0,generated,argmax,,634.9816284179688,17161.141056053715,7.637720567174256,493.7803561333567,490.2534866705537,497.3418670706451,30,cuda,16,512,bebf2a4
m3cmp_m3_kv_B16_s2_L256_seed1,network_forwards_v2,text8,M3,bcfm_infer,16,2,32,0.125,15,47,0.18359375,24.5,cached_context_token_proxy,1,generated,argmax,,641.1622924804688,17202.007333796395,7.619575870223343,,,,,,16,512,bebf2a4
m3cmp_m3_kv_B16_s2_L256_seed2,network_forwards_v2,text8,M3,bcfm_infer,16,2,32,0.125,15,47,0.18359375,24.5,cached_context_token_proxy,2,generated,argmax,,627.6129150390625,17171.801970163895,7.632978776935488,,,,,,16,512,bebf2a4
m3cmp_m3_kv_B16_s4_L256_seed0,network_forwards_v2,text8,M3,bcfm_infer,16,4,64,0.25,15,79,0.30859375,41.5,cached_context_token_proxy,0,generated,argmax,,714.6126708984375,10367.904508474445,12.642091745045036,828.5000489559025,820.1517607085407,835.0115111097693,30,cuda,16,512,bebf2a4
m3cmp_m3_kv_B16_s4_L256_seed1,network_forwards_v2,text8,M3,bcfm_infer,16,4,64,0.25,15,79,0.30859375,41.5,cached_context_token_proxy,1,generated,argmax,,706.472412109375,10262.9657334406,12.771357072051615,,,,,,16,512,bebf2a4
m3cmp_m3_kv_B16_s4_L256_seed2,network_forwards_v2,text8,M3,bcfm_infer,16,4,64,0.25,15,79,0.30859375,41.5,cached_context_token_proxy,2,generated,argmax,,715.7005004882812,10295.48804951359,12.731013757642359,,,,,,16,512,bebf2a4
m3cmp_m3_kv_B16_s8_L256_seed0,network_forwards_v2,text8,M3,bcfm_infer,16,8,128,0.5,15,143,0.55859375,75.5,cached_context_token_proxy,0,generated,argmax,,726.3719482421875,5764.065306349318,22.73950641322881,1482.8546307981014,1471.754842903465,1510.5549711734056,30,cuda,16,512,bebf2a4
m3cmp_m3_kv_B16_s8_L256_seed1,network_forwards_v2,text8,M3,bcfm_infer,16,8,128,0.5,15,143,0.55859375,75.5,cached_context_token_proxy,1,generated,argmax,,728.4906005859375,5761.141618820494,22.751046350225806,,,,,,16,512,bebf2a4
m3cmp_m3_kv_B16_s8_L256_seed2,network_forwards_v2,text8,M3,bcfm_infer,16,8,128,0.5,15,143,0.55859375,75.5,cached_context_token_proxy,2,generated,argmax,,744.3445434570312,5750.671803493612,22.79246746795252,,,,,,16,512,bebf2a4
nfeall_v2_gold_L256_seed0,network_forwards_v2,text8,gold,gold,256,0,0,0.0,0,0,0.0,0.0,full_sequence_token_proxy,0,generated,argmax,,74.91283416748047,,,,,,,,16,512,0b89d2e
nfeall_v2_m1_full_L256_s16_seed0,network_forwards_v2,text8,M1,full_cfm,256,16,16,0.0625,0,16,0.0625,16.0,full_sequence_token_proxy,0,generated,argmax,,885.0621948242188,4961.7387389983305,26.41654607281089,167.12112771347165,165.38398014381528,168.68928400799632,30,cuda,16,512,0b89d2e
nfeall_v2_m1_full_L256_s16_seed1,network_forwards_v2,text8,M1,full_cfm,256,16,16,0.0625,0,16,0.0625,16.0,full_sequence_token_proxy,1,generated,argmax,,881.2593383789062,4959.376849081496,26.429126881994307,,,,,,16,512,0b89d2e
nfeall_v2_m1_full_L256_s16_seed2,network_forwards_v2,text8,M1,full_cfm,256,16,16,0.0625,0,16,0.0625,16.0,full_sequence_token_proxy,2,generated,argmax,,858.7889404296875,4958.551853862902,26.433524114079773,,,,,,16,512,0b89d2e
nfeall_v2_m1_full_L256_s1_seed0,network_forwards_v2,text8,M1,full_cfm,256,1,1,0.00390625,0,1,0.00390625,1.0,full_sequence_token_proxy,0,generated,argmax,,1049.0345458984375,78905.4463845186,1.6611274126917124,10.524535784497857,10.264534037560225,10.695470962673426,30,cuda,16,512,0b89d2e
nfeall_v2_m1_full_L256_s1_seed1,network_forwards_v2,text8,M1,full_cfm,256,1,1,0.00390625,0,1,0.00390625,1.0,full_sequence_token_proxy,1,generated,argmax,,1074.790283203125,79337.31061740033,1.6520852418616414,,,,,,16,512,0b89d2e
nfeall_v2_m1_full_L256_s1_seed2,network_forwards_v2,text8,M1,full_cfm,256,1,1,0.00390625,0,1,0.00390625,1.0,full_sequence_token_proxy,2,generated,argmax,,1072.5924072265625,79304.85268800597,1.6527614081278443,,,,,,16,512,0b89d2e
nfeall_v2_m1_full_L256_s2_seed0,network_forwards_v2,text8,M1,full_cfm,256,2,2,0.0078125,0,2,0.0078125,2.0,full_sequence_token_proxy,0,generated,argmax,,1058.73583984375,39799.05445360514,3.2933445731177926,21.12361043691635,20.831875037401915,21.616287995129824,30,cuda,16,512,0b89d2e
nfeall_v2_m1_full_L256_s2_seed1,network_forwards_v2,text8,M1,full_cfm,256,2,2,0.0078125,0,2,0.0078125,2.0,full_sequence_token_proxy,1,generated,argmax,,1077.7314453125,39736.40942153325,3.2985365791246295,,,,,,16,512,0b89d2e
nfeall_v2_m1_full_L256_s2_seed2,network_forwards_v2,text8,M1,full_cfm,256,2,2,0.0078125,0,2,0.0078125,2.0,full_sequence_token_proxy,2,generated,argmax,,1050.502197265625,39712.778721805196,3.3004993409849703,,,,,,16,512,0b89d2e
nfeall_v2_m1_full_L256_s4_seed0,network_forwards_v2,text8,M1,full_cfm,256,4,4,0.015625,0,4,0.015625,4.0,full_sequence_token_proxy,0,generated,argmax,,1029.8487548828125,19899.061654161524,6.586843253113329,42.37527493387461,41.49569803848863,43.15045103430748,30,cuda,16,512,0b89d2e
nfeall_v2_m1_full_L256_s4_seed1,network_forwards_v2,text8,M1,full_cfm,256,4,4,0.015625,0,4,0.015625,4.0,full_sequence_token_proxy,1,generated,argmax,,1057.1175537109375,19856.239462126257,6.601048514246941,,,,,,16,512,0b89d2e
nfeall_v2_m1_full_L256_s4_seed2,network_forwards_v2,text8,M1,full_cfm,256,4,4,0.015625,0,4,0.015625,4.0,full_sequence_token_proxy,2,generated,argmax,,1048.5654296875,19854.50713525288,6.601624462753534,,,,,,16,512,0b89d2e
nfeall_v2_m1_full_L256_s8_seed0,network_forwards_v2,text8,M1,full_cfm,256,8,8,0.03125,0,8,0.03125,8.0,full_sequence_token_proxy,0,generated,argmax,,960.438232421875,9938.314084984773,13.188554807100445,82.27932848967612,81.70040091499686,83.52527115494013,30,cuda,16,512,0b89d2e
nfeall_v2_m1_full_L256_s8_seed1,network_forwards_v2,text8,M1,full_cfm,256,8,8,0.03125,0,8,0.03125,8.0,full_sequence_token_proxy,1,generated,argmax,,1004.270751953125,9928.746326625676,13.201263854280114,,,,,,16,512,0b89d2e
nfeall_v2_m1_full_L256_s8_seed2,network_forwards_v2,text8,M1,full_cfm,256,8,8,0.03125,0,8,0.03125,8.0,full_sequence_token_proxy,2,generated,argmax,,954.1740112304688,9933.298971261931,13.195213431026787,,,,,,16,512,0b89d2e
nfeall_v2_m2_kv_B128_s16_L256_seed0,network_forwards_v2,text8,M2,bcfm_infer,128,16,32,0.125,1,33,0.12890625,24.5,cached_context_token_proxy,0,generated,argmax,,849.1363525390625,4761.7390641291,27.52607781207189,344.67466245405376,341.6840289719403,348.4447752125561,30,cuda,16,512,0b89d2e
nfeall_v2_m2_kv_B128_s16_L256_seed1,network_forwards_v2,text8,M2,bcfm_infer,128,16,32,0.125,1,33,0.12890625,24.5,cached_context_token_proxy,1,generated,argmax,,865.121337890625,4759.717365151682,27.53776956582442,,,,,,16,512,0b89d2e
nfeall_v2_m2_kv_B128_s16_L256_seed2,network_forwards_v2,text8,M2,bcfm_infer,128,16,32,0.125,1,33,0.12890625,24.5,cached_context_token_proxy,2,generated,argmax,,887.1820068359375,4761.132490741175,27.529584663920105,,,,,,16,512,0b89d2e
nfeall_v2_m2_kv_B128_s1_L256_seed0,network_forwards_v2,text8,M2,bcfm_infer,128,1,2,0.0078125,1,3,0.01171875,2.0,cached_context_token_proxy,0,generated,argmax,,1030.4205322265625,53826.353512382775,2.4350897180847824,31.412014737725258,31.031861901283264,32.63442497700453,30,cuda,16,512,0b89d2e
nfeall_v2_m2_kv_B128_s1_L256_seed1,network_forwards_v2,text8,M2,bcfm_infer,128,1,2,0.0078125,1,3,0.01171875,2.0,cached_context_token_proxy,1,generated,argmax,,1028.3406982421875,53744.236839111676,2.438810330349952,,,,,,16,512,0b89d2e
nfeall_v2_m2_kv_B128_s1_L256_seed2,network_forwards_v2,text8,M2,bcfm_infer,128,1,2,0.0078125,1,3,0.01171875,2.0,cached_context_token_proxy,2,generated,argmax,,1029.512939453125,53585.086030980485,2.4460537382401526,,,,,,16,512,0b89d2e
nfeall_v2_m2_kv_B128_s2_L256_seed0,network_forwards_v2,text8,M2,bcfm_infer,128,2,4,0.015625,1,5,0.01953125,3.5,cached_context_token_proxy,0,generated,argmax,,1000.0734252929688,31944.06689068527,4.103171973954886,52.120305597782135,51.71019583940506,52.79756989330053,30,cuda,16,512,0b89d2e
nfeall_v2_m2_kv_B128_s2_L256_seed1,network_forwards_v2,text8,M2,bcfm_infer,128,2,4,0.015625,1,5,0.01953125,3.5,cached_context_token_proxy,1,generated,argmax,,1013.3859252929688,31941.17674441799,4.103543242905289,,,,,,16,512,0b89d2e
nfeall_v2_m2_kv_B128_s2_L256_seed2,network_forwards_v2,text8,M2,bcfm_infer,128,2,4,0.015625,1,5,0.01953125,3.5,cached_context_token_proxy,2,generated,argmax,,1014.23974609375,31941.880406670014,4.103452844079584,,,,,,16,512,0b89d2e
nfeall_v2_m2_kv_B128_s4_L256_seed0,network_forwards_v2,text8,M2,bcfm_infer,128,4,8,0.03125,1,9,0.03515625,6.5,cached_context_token_proxy,0,generated,argmax,,970.4444580078125,17630.536292187426,7.434373965021223,93.46113190986216,91.91736113280058,94.90334801375866,30,cuda,16,512,0b89d2e
nfeall_v2_m2_kv_B128_s4_L256_seed1,network_forwards_v2,text8,M2,bcfm_infer,128,4,8,0.03125,1,9,0.03515625,6.5,cached_context_token_proxy,1,generated,argmax,,1008.1964721679688,17630.394039352286,7.43443395011127,,,,,,16,512,0b89d2e
nfeall_v2_m2_kv_B128_s4_L256_seed2,network_forwards_v2,text8,M2,bcfm_infer,128,4,8,0.03125,1,9,0.03515625,6.5,cached_context_token_proxy,2,generated,argmax,,987.8888549804688,17624.13548036691,7.4370740139856935,,,,,,16,512,0b89d2e
nfeall_v2_m2_kv_B128_s8_L256_seed0,network_forwards_v2,text8,M2,bcfm_infer,128,8,16,0.0625,1,17,0.06640625,12.5,cached_context_token_proxy,0,generated,argmax,,931.5093383789062,9293.643402030944,14.103403189685196,177.2967823781073,175.2069848589599,179.5951332896948,30,cuda,16,512,0b89d2e
nfeall_v2_m2_kv_B128_s8_L256_seed1,network_forwards_v2,text8,M2,bcfm_infer,128,8,16,0.0625,1,17,0.06640625,12.5,cached_context_token_proxy,1,generated,argmax,,956.3326416015625,9294.750011425815,14.101724074222147,,,,,,16,512,0b89d2e
nfeall_v2_m2_kv_B128_s8_L256_seed2,network_forwards_v2,text8,M2,bcfm_infer,128,8,16,0.0625,1,17,0.06640625,12.5,cached_context_token_proxy,2,generated,argmax,,944.7484741210938,9285.36089639093,14.115983370225877,,,,,,16,512,0b89d2e
nfeall_v2_m2_kv_B16_s16_L256_seed0,network_forwards_v2,text8,M2,bcfm_infer,16,16,256,1.0,15,271,1.05859375,143.5,cached_context_token_proxy,0,generated,argmax,,888.8931274414062,3067.46490270391,42.72974725300446,2876.5831352211535,2842.7080092951655,2906.9106010720134,30,cuda,16,512,0b89d2e
nfeall_v2_m2_kv_B16_s16_L256_seed1,network_forwards_v2,text8,M2,bcfm_infer,16,16,256,1.0,15,271,1.05859375,143.5,cached_context_token_proxy,1,generated,argmax,,869.5425415039062,3043.318412162428,43.068776331841946,,,,,,16,512,0b89d2e
nfeall_v2_m2_kv_B16_s16_L256_seed2,network_forwards_v2,text8,M2,bcfm_infer,16,16,256,1.0,15,271,1.05859375,143.5,cached_context_token_proxy,2,generated,argmax,,857.3749389648438,3042.160638942148,43.08516727294773,,,,,,16,512,0b89d2e
nfeall_v2_m2_kv_B16_s1_L256_seed0,network_forwards_v2,text8,M2,bcfm_infer,16,1,16,0.0625,15,31,0.12109375,16.0,cached_context_token_proxy,0,generated,argmax,,764.4260864257812,25510.423837070775,5.137978139333427,327.2218438796699,322.3225111141801,332.4498888105154,30,cuda,16,512,0b89d2e
nfeall_v2_m2_kv_B16_s1_L256_seed1,network_forwards_v2,text8,M2,bcfm_infer,16,1,16,0.0625,15,31,0.12109375,16.0,cached_context_token_proxy,1,generated,argmax,,746.82421875,25522.759750599627,5.135494800750166,,,,,,16,512,0b89d2e
nfeall_v2_m2_kv_B16_s1_L256_seed2,network_forwards_v2,text8,M2,bcfm_infer,16,1,16,0.0625,15,31,0.12109375,16.0,cached_context_token_proxy,2,generated,argmax,,745.3926391601562,25715.82573746479,5.096939189825207,,,,,,16,512,0b89d2e
nfeall_v2_m2_kv_B16_s2_L256_seed0,network_forwards_v2,text8,M2,bcfm_infer,16,2,32,0.125,15,47,0.18359375,24.5,cached_context_token_proxy,0,generated,argmax,,699.1953735351562,17116.646503703752,7.657574745826423,495.6344636157155,490.1491506025195,499.52318891882896,30,cuda,16,512,0b89d2e
nfeall_v2_m2_kv_B16_s2_L256_seed1,network_forwards_v2,text8,M2,bcfm_infer,16,2,32,0.125,15,47,0.18359375,24.5,cached_context_token_proxy,1,generated,argmax,,698.3932495117188,17175.951923225937,7.6311345412395895,,,,,,16,512,0b89d2e
nfeall_v2_m2_kv_B16_s2_L256_seed2,network_forwards_v2,text8,M2,bcfm_infer,16,2,32,0.125,15,47,0.18359375,24.5,cached_context_token_proxy,2,generated,argmax,,688.3618774414062,17141.19507821619,7.646608034148812,,,,,,16,512,0b89d2e
nfeall_v2_m2_kv_B16_s4_L256_seed0,network_forwards_v2,text8,M2,bcfm_infer,16,4,64,0.25,15,79,0.30859375,41.5,cached_context_token_proxy,0,generated,argmax,,794.06591796875,10368.273599080308,12.641641710884869,846.8028230126947,840.3091677464545,855.0205072388053,30,cuda,16,512,0b89d2e
nfeall_v2_m2_kv_B16_s4_L256_seed1,network_forwards_v2,text8,M2,bcfm_infer,16,4,64,0.25,15,79,0.30859375,41.5,cached_context_token_proxy,1,generated,argmax,,809.7776489257812,10340.465814462246,12.675637863110751,,,,,,16,512,0b89d2e
nfeall_v2_m2_kv_B16_s4_L256_seed2,network_forwards_v2,text8,M2,bcfm_infer,16,4,64,0.25,15,79,0.30859375,41.5,cached_context_token_proxy,2,generated,argmax,,791.2258911132812,10343.544389648627,12.671865181066096,,,,,,16,512,0b89d2e
nfeall_v2_m2_kv_B16_s8_L256_seed0,network_forwards_v2,text8,M2,bcfm_infer,16,8,128,0.5,15,143,0.55859375,75.5,cached_context_token_proxy,0,generated,argmax,,859.647705078125,5755.450646421621,22.773542516864836,1483.9484323747456,1467.502913903445,1492.4538983032107,30,cuda,16,512,0b89d2e
nfeall_v2_m2_kv_B16_s8_L256_seed1,network_forwards_v2,text8,M2,bcfm_infer,16,8,128,0.5,15,143,0.55859375,75.5,cached_context_token_proxy,1,generated,argmax,,864.4281616210938,5746.334885209222,22.80966957518831,,,,,,16,512,0b89d2e
nfeall_v2_m2_kv_B16_s8_L256_seed2,network_forwards_v2,text8,M2,bcfm_infer,16,8,128,0.5,15,143,0.55859375,75.5,cached_context_token_proxy,2,generated,argmax,,879.1650390625,5764.312274789819,22.738532152958214,,,,,,16,512,0b89d2e
nfeall_v2_m2_kv_B32_s16_L256_seed0,network_forwards_v2,text8,M2,bcfm_infer,32,16,128,0.5,7,135,0.52734375,75.5,cached_context_token_proxy,0,generated,argmax,,871.8492431640625,3861.0005083849987,33.947677477728575,1466.7986640706658,1451.697810087353,1484.6242209896445,30,cuda,16,512,0b89d2e
nfeall_v2_m2_kv_B32_s16_L256_seed1,network_forwards_v2,text8,M2,bcfm_infer,32,16,128,0.5,7,135,0.52734375,75.5,cached_context_token_proxy,1,generated,argmax,,880.9383544921875,3855.7238483594697,33.994135771878064,,,,,,16,512,0b89d2e
nfeall_v2_m2_kv_B32_s16_L256_seed2,network_forwards_v2,text8,M2,bcfm_infer,32,16,128,0.5,7,135,0.52734375,75.5,cached_context_token_proxy,2,generated,argmax,,888.837646484375,3855.2107131768316,33.99866044986993,,,,,,16,512,0b89d2e
nfeall_v2_m2_kv_B32_s1_L256_seed0,network_forwards_v2,text8,M2,bcfm_infer,32,1,8,0.03125,7,15,0.05859375,8.0,cached_context_token_proxy,0,generated,argmax,,828.4114990234375,35302.83362423907,3.712789783254266,163.9696538913995,161.84696089476347,165.49218678846955,30,cuda,16,512,0b89d2e
nfeall_v2_m2_kv_B32_s1_L256_seed1,network_forwards_v2,text8,M2,bcfm_infer,32,1,8,0.03125,7,15,0.05859375,8.0,cached_context_token_proxy,1,generated,argmax,,868.8661499023438,35300.94560723951,3.712988356128335,,,,,,16,512,0b89d2e
nfeall_v2_m2_kv_B32_s1_L256_seed2,network_forwards_v2,text8,M2,bcfm_infer,32,1,8,0.03125,7,15,0.05859375,8.0,cached_context_token_proxy,2,generated,argmax,,857.0695190429688,35292.431200233485,3.713884125929326,,,,,,16,512,0b89d2e
nfeall_v2_m2_kv_B32_s2_L256_seed0,network_forwards_v2,text8,M2,bcfm_infer,32,2,16,0.0625,7,23,0.08984375,12.5,cached_context_token_proxy,0,generated,argmax,,804.959228515625,22897.16655250593,5.724376406986266,245.55389094166458,241.98976112529635,248.63395793363452,30,cuda,16,512,0b89d2e
nfeall_v2_m2_kv_B32_s2_L256_seed1,network_forwards_v2,text8,M2,bcfm_infer,32,2,16,0.0625,7,23,0.08984375,12.5,cached_context_token_proxy,1,generated,argmax,,806.9576416015625,22903.760722102907,5.722728314809501,,,,,,16,512,0b89d2e
nfeall_v2_m2_kv_B32_s2_L256_seed2,network_forwards_v2,text8,M2,bcfm_infer,32,2,16,0.0625,7,23,0.08984375,12.5,cached_context_token_proxy,2,generated,argmax,,808.9259033203125,22916.664204350527,5.719506069086492,,,,,,16,512,0b89d2e
nfeall_v2_m2_kv_B32_s4_L256_seed0,network_forwards_v2,text8,M2,bcfm_infer,32,4,32,0.125,7,39,0.15234375,21.5,cached_context_token_proxy,0,generated,argmax,,843.0125732421875,13455.041821513025,9.741478453855962,413.5056771337986,406.38452395796776,417.7819499745965,30,cuda,16,512,0b89d2e
nfeall_v2_m2_kv_B32_s4_L256_seed1,network_forwards_v2,text8,M2,bcfm_infer,32,4,32,0.125,7,39,0.15234375,21.5,cached_context_token_proxy,1,generated,argmax,,853.28857421875,13450.610360313784,9.744687898084521,,,,,,16,512,0b89d2e
nfeall_v2_m2_kv_B32_s4_L256_seed2,network_forwards_v2,text8,M2,bcfm_infer,32,4,32,0.125,7,39,0.15234375,21.5,cached_context_token_proxy,2,generated,argmax,,847.994873046875,13457.77839447764,9.739497572183609,,,,,,16,512,0b89d2e
nfeall_v2_m2_kv_B32_s8_L256_seed0,network_forwards_v2,text8,M2,bcfm_infer,32,8,64,0.25,7,71,0.27734375,39.5,cached_context_token_proxy,0,generated,argmax,,885.6236572265625,7367.743882298816,17.789977786131203,747.5604005157948,738.0037610419095,755.6058098562062,30,cuda,16,512,0b89d2e
nfeall_v2_m2_kv_B32_s8_L256_seed1,network_forwards_v2,text8,M2,bcfm_infer,32,8,64,0.25,7,71,0.27734375,39.5,cached_context_token_proxy,1,generated,argmax,,890.5159301757812,7368.269041451166,17.78870983980596,,,,,,16,512,0b89d2e
nfeall_v2_m2_kv_B32_s8_L256_seed2,network_forwards_v2,text8,M2,bcfm_infer,32,8,64,0.25,7,71,0.27734375,39.5,cached_context_token_proxy,2,generated,argmax,,893.2845458984375,7367.2378919504,17.791199622210115,,,,,,16,512,0b89d2e
nfeall_v2_m2_kv_B64_s16_L256_seed0,network_forwards_v2,text8,M2,bcfm_infer,64,16,64,0.25,3,67,0.26171875,41.5,cached_context_token_proxy,0,generated,argmax,,871.3995361328125,4507.564042783667,29.078233554959297,713.1915218196809,706.4821231178939,720.5782518722117,30,cuda,16,512,0b89d2e
nfeall_v2_m2_kv_B64_s16_L256_seed1,network_forwards_v2,text8,M2,bcfm_infer,64,16,64,0.25,3,67,0.26171875,41.5,cached_context_token_proxy,1,generated,argmax,,890.0612182617188,4506.256720015421,29.086669522803277,,,,,,16,512,0b89d2e
nfeall_v2_m2_kv_B64_s16_L256_seed2,network_forwards_v2,text8,M2,bcfm_infer,64,16,64,0.25,3,67,0.26171875,41.5,cached_context_token_proxy,2,generated,argmax,,894.1364135742188,4505.808469772961,29.089563144836575,,,,,,16,512,0b89d2e
nfeall_v2_m2_kv_B64_s1_L256_seed0,network_forwards_v2,text8,M2,bcfm_infer,64,1,4,0.015625,3,7,0.02734375,4.0,cached_context_token_proxy,0,generated,argmax,,937.1806030273438,44381.14959937652,2.9533259319141507,74.52825899235904,73.67506623268127,75.62545407563448,30,cuda,16,512,0b89d2e
nfeall_v2_m2_kv_B64_s1_L256_seed1,network_forwards_v2,text8,M2,bcfm_infer,64,1,4,0.015625,3,7,0.02734375,4.0,cached_context_token_proxy,1,generated,argmax,,952.2459106445312,43943.82750102509,2.982716969680041,,,,,,16,512,0b89d2e
nfeall_v2_m2_kv_B64_s1_L256_seed2,network_forwards_v2,text8,M2,bcfm_infer,64,1,4,0.015625,3,7,0.02734375,4.0,cached_context_token_proxy,2,generated,argmax,,982.0753173828125,43972.27021203127,2.980787650216371,,,,,,16,512,0b89d2e
nfeall_v2_m2_kv_B64_s2_L256_seed0,network_forwards_v2,text8,M2,bcfm_infer,64,2,8,0.03125,3,11,0.04296875,6.5,cached_context_token_proxy,0,generated,argmax,,888.4308471679688,27916.254158606276,4.69518579589203,115.85708591155708,114.01764024049044,117.14514391496778,30,cuda,16,512,0b89d2e
nfeall_v2_m2_kv_B64_s2_L256_seed1,network_forwards_v2,text8,M2,bcfm_infer,64,2,8,0.03125,3,11,0.04296875,6.5,cached_context_token_proxy,1,generated,argmax,,895.6063842773438,27810.325757142575,4.713069567922503,,,,,,16,512,0b89d2e
nfeall_v2_m2_kv_B64_s2_L256_seed2,network_forwards_v2,text8,M2,bcfm_infer,64,2,8,0.03125,3,11,0.04296875,6.5,cached_context_token_proxy,2,generated,argmax,,905.1150512695312,27810.404100335218,4.713056290987879,,,,,,16,512,0b89d2e
nfeall_v2_m2_kv_B64_s4_L256_seed0,network_forwards_v2,text8,M2,bcfm_infer,64,4,16,0.0625,3,19,0.07421875,11.5,cached_context_token_proxy,0,generated,argmax,,898.972412109375,16063.191940142371,8.159773007035255,199.29557666182518,197.29003682732582,201.14927412942052,30,cuda,16,512,0b89d2e
nfeall_v2_m2_kv_B64_s4_L256_seed1,network_forwards_v2,text8,M2,bcfm_infer,64,4,16,0.0625,3,19,0.07421875,11.5,cached_context_token_proxy,1,generated,argmax,,909.4017944335938,16022.47010762834,8.180511439219117,,,,,,16,512,0b89d2e
nfeall_v2_m2_kv_B64_s4_L256_seed2,network_forwards_v2,text8,M2,bcfm_infer,64,4,16,0.0625,3,19,0.07421875,11.5,cached_context_token_proxy,2,generated,argmax,,922.2445678710938,16020.759716595812,8.181384798139334,,,,,,16,512,0b89d2e
nfeall_v2_m2_kv_B64_s8_L256_seed0,network_forwards_v2,text8,M2,bcfm_infer,64,8,32,0.125,3,35,0.13671875,21.5,cached_context_token_proxy,0,generated,argmax,,907.4075317382812,8686.122550339442,15.089817031752318,369.8482948821038,365.12885708361864,375.70291804149747,30,cuda,16,512,0b89d2e
nfeall_v2_m2_kv_B64_s8_L256_seed1,network_forwards_v2,text8,M2,bcfm_infer,64,8,32,0.125,3,35,0.13671875,21.5,cached_context_token_proxy,1,generated,argmax,,925.0443115234375,8668.376516730432,15.120709137059748,,,,,,16,512,0b89d2e
nfeall_v2_m2_kv_B64_s8_L256_seed2,network_forwards_v2,text8,M2,bcfm_infer,64,8,32,0.125,3,35,0.13671875,21.5,cached_context_token_proxy,2,generated,argmax,,947.2503051757812,8670.337749589979,15.11728882836178,,,,,,16,512,0b89d2e
ts_ar_L256_seed0,network_forwards_v2,tinystories,AR-TS,ar,1,1,256,1.0,0,256,1.0,,baseline_diagnostics_nfe,0,generated,sample,,12.786457061767578,5060.859171984315,25.89915971690789,3363.6278363410383,3304.0427858941257,3379.634120967239,30,cuda,16,512,
ts_ar_L256_seed1,network_forwards_v2,tinystories,AR-TS,ar,1,1,256,1.0,0,256,1.0,,baseline_diagnostics_nfe,1,generated,sample,,12.572840690612793,5451.870567268583,24.041656598914415,,,,,,16,512,
ts_ar_L256_seed2,network_forwards_v2,tinystories,AR-TS,ar,1,1,256,1.0,0,256,1.0,,baseline_diagnostics_nfe,2,generated,sample,,12.469047546386719,5422.542033632597,24.17168906889856,,,,,,16,512,
ts_m1_full_L256_s16_seed0,network_forwards_v2,tinystories,M1-TS,full_cfm,256,16,16,0.0625,0,16,0.0625,16.0,full_sequence_token_proxy,0,generated,argmax,,90.24461364746094,4601.836448657309,28.482542016077787,88.96975708194077,88.7640560977161,93.12248416244984,30,cuda,16,512,
ts_m1_full_L256_s16_seed1,network_forwards_v2,tinystories,M1-TS,full_cfm,256,16,16,0.0625,0,16,0.0625,16.0,full_sequence_token_proxy,1,generated,argmax,,87.71671295166016,4601.559515252976,28.48425616696477,,,,,,16,512,
ts_m1_full_L256_s16_seed2,network_forwards_v2,tinystories,M1-TS,full_cfm,256,16,16,0.0625,0,16,0.0625,16.0,full_sequence_token_proxy,2,generated,argmax,,89.52503967285156,4601.022031455704,28.487583650741726,,,,,,16,512,
ts_m1_full_L256_s1_seed0,network_forwards_v2,tinystories,M1-TS,full_cfm,256,1,1,0.00390625,0,1,0.00390625,1.0,full_sequence_token_proxy,0,generated,argmax,,87.6335220336914,62177.32915761512,2.1080352240242064,7.851026486605406,7.781522814184427,7.886937819421291,30,cuda,16,512,
ts_m1_full_L256_s1_seed1,network_forwards_v2,tinystories,M1-TS,full_cfm,256,1,1,0.00390625,0,1,0.00390625,1.0,full_sequence_token_proxy,1,generated,argmax,,88.27056884765625,58093.10049425806,2.256240394897759,,,,,,16,512,
ts_m1_full_L256_s1_seed2,network_forwards_v2,tinystories,M1-TS,full_cfm,256,1,1,0.00390625,0,1,0.00390625,1.0,full_sequence_token_proxy,2,generated,argmax,,88.14611053466797,62359.62139075832,2.1018729279749095,,,,,,16,512,
ts_m1_full_L256_s2_seed0,network_forwards_v2,tinystories,M1-TS,full_cfm,256,2,2,0.0078125,0,2,0.0078125,2.0,full_sequence_token_proxy,0,generated,argmax,,83.93672943115234,34040.01922845727,3.8505266145803034,16.8475778773427,16.59200480207801,17.73627381771803,30,cuda,16,512,
ts_m1_full_L256_s2_seed1,network_forwards_v2,tinystories,M1-TS,full_cfm,256,2,2,0.0078125,0,2,0.0078125,2.0,full_sequence_token_proxy,1,generated,argmax,,82.85348510742188,33799.625554352904,3.877912783063948,,,,,,16,512,
ts_m1_full_L256_s2_seed2,network_forwards_v2,tinystories,M1-TS,full_cfm,256,2,2,0.0078125,0,2,0.0078125,2.0,full_sequence_token_proxy,2,generated,argmax,,83.67074584960938,32964.05252432357,3.9762101429514587,,,,,,16,512,
ts_m1_full_L256_s4_seed0,network_forwards_v2,tinystories,M1-TS,full_cfm,256,4,4,0.015625,0,4,0.015625,4.0,full_sequence_token_proxy,0,generated,argmax,,75.13563537597656,17500.771321069882,7.489498468115926,24.552504066377878,24.348496925085783,25.77170403674245,30,cuda,16,512,
ts_m1_full_L256_s4_seed1,network_forwards_v2,tinystories,M1-TS,full_cfm,256,4,4,0.015625,0,4,0.015625,4.0,full_sequence_token_proxy,1,generated,argmax,,74.51797485351562,17794.24347143225,7.365977666340768,,,,,,16,512,
ts_m1_full_L256_s4_seed2,network_forwards_v2,tinystories,M1-TS,full_cfm,256,4,4,0.015625,0,4,0.015625,4.0,full_sequence_token_proxy,2,generated,argmax,,75.46723175048828,17797.62258252569,7.364579139277339,,,,,,16,512,
ts_m1_full_L256_s8_seed0,network_forwards_v2,tinystories,M1-TS,full_cfm,256,8,8,0.03125,0,8,0.03125,8.0,full_sequence_token_proxy,0,generated,argmax,,79.28978729248047,9115.316005928009,14.379314980935305,45.950813917443156,45.81696121022105,48.14789118245244,30,cuda,16,512,
ts_m1_full_L256_s8_seed1,network_forwards_v2,tinystories,M1-TS,full_cfm,256,8,8,0.03125,0,8,0.03125,8.0,full_sequence_token_proxy,1,generated,argmax,,77.47472381591797,9109.562399984898,14.388396966271102,,,,,,16,512,
ts_m1_full_L256_s8_seed2,network_forwards_v2,tinystories,M1-TS,full_cfm,256,8,8,0.03125,0,8,0.03125,8.0,full_sequence_token_proxy,2,generated,argmax,,78.8024673461914,9106.067074302824,14.393919892143458,,,,,,16,512,
ts_m2_kv_B16_s16_L256_seed0,network_forwards_v2,tinystories,M2-TS,bcfm_infer,16,16,256,1.0,15,271,1.05859375,143.5,cached_context_token_proxy,0,generated,argmax,,251.6703338623047,648.9499977759018,201.97549957502633,1559.4516380224377,1548.7502589821815,1568.014389835298,30,cuda,16,512,
ts_m2_kv_B16_s16_L256_seed1,network_forwards_v2,tinystories,M2-TS,bcfm_infer,16,16,256,1.0,15,271,1.05859375,143.5,cached_context_token_proxy,1,generated,argmax,,253.90328979492188,648.1422525330212,202.22721090586856,,,,,,16,512,
ts_m2_kv_B16_s16_L256_seed2,network_forwards_v2,tinystories,M2-TS,bcfm_infer,16,16,256,1.0,15,271,1.05859375,143.5,cached_context_token_proxy,2,generated,argmax,,257.45257568359375,660.5876736379003,198.41726576304063,,,,,,16,512,
ts_m2_kv_B16_s1_L256_seed0,network_forwards_v2,tinystories,M2-TS,bcfm_infer,16,1,16,0.0625,15,31,0.12109375,16.0,cached_context_token_proxy,0,generated,argmax,,50.26451110839844,5732.143809365438,22.866139503661543,176.03384447284043,174.95456477627158,182.02234897762537,30,cuda,16,512,
ts_m2_kv_B16_s1_L256_seed1,network_forwards_v2,tinystories,M2-TS,bcfm_infer,16,1,16,0.0625,15,31,0.12109375,16.0,cached_context_token_proxy,1,generated,argmax,,50.414546966552734,5698.4619471058295,23.00129424687475,,,,,,16,512,
ts_m2_kv_B16_s1_L256_seed2,network_forwards_v2,tinystories,M2-TS,bcfm_infer,16,1,16,0.0625,15,31,0.12109375,16.0,cached_context_token_proxy,2,generated,argmax,,49.609962463378906,5696.676919450859,23.00850159721449,,,,,,16,512,
ts_m2_kv_B16_s2_L256_seed0,network_forwards_v2,tinystories,M2-TS,bcfm_infer,16,2,32,0.125,15,47,0.18359375,24.5,cached_context_token_proxy,0,generated,argmax,,59.89352798461914,3795.360214879491,34.534798432607204,269.2903990391642,267.3074919730425,279.23445822671056,30,cuda,16,512,
ts_m2_kv_B16_s2_L256_seed1,network_forwards_v2,tinystories,M2-TS,bcfm_infer,16,2,32,0.125,15,47,0.18359375,24.5,cached_context_token_proxy,1,generated,argmax,,63.01504898071289,3817.9400331226375,34.330554923042655,,,,,,16,512,
ts_m2_kv_B16_s2_L256_seed2,network_forwards_v2,tinystories,M2-TS,bcfm_infer,16,2,32,0.125,15,47,0.18359375,24.5,cached_context_token_proxy,2,generated,argmax,,59.69084167480469,3709.996627559682,35.32941216882318,,,,,,16,512,
ts_m2_kv_B16_s4_L256_seed0,network_forwards_v2,tinystories,M2-TS,bcfm_infer,16,4,64,0.25,15,79,0.30859375,41.5,cached_context_token_proxy,0,generated,argmax,,149.14208984375,2265.4514482713053,57.85690092807636,450.63445228151977,444.7898459620774,454.81429621577263,30,cuda,16,512,
ts_m2_kv_B16_s4_L256_seed1,network_forwards_v2,tinystories,M2-TS,bcfm_infer,16,4,64,0.25,15,79,0.30859375,41.5,cached_context_token_proxy,1,generated,argmax,,157.79722595214844,1708.488468736623,76.71810632525012,,,,,,16,512,
ts_m2_kv_B16_s4_L256_seed2,network_forwards_v2,tinystories,M2-TS,bcfm_infer,16,4,64,0.25,15,79,0.30859375,41.5,cached_context_token_proxy,2,generated,argmax,,147.11074829101562,2278.450546068955,57.526813661213964,,,,,,16,512,
ts_m2_kv_B16_s8_L256_seed0,network_forwards_v2,tinystories,M2-TS,bcfm_infer,16,8,128,0.5,15,143,0.55859375,75.5,cached_context_token_proxy,0,generated,argmax,,252.78524780273438,1241.9371082083474,105.53835547203198,824.9159380793571,818.1688860058784,832.6298799365759,30,cuda,16,512,
ts_m2_kv_B16_s8_L256_seed1,network_forwards_v2,tinystories,M2-TS,bcfm_infer,16,8,128,0.5,15,143,0.55859375,75.5,cached_context_token_proxy,1,generated,argmax,,256.0649719238281,1249.957860638236,104.86113502504304,,,,,,16,512,
ts_m2_kv_B16_s8_L256_seed2,network_forwards_v2,tinystories,M2-TS,bcfm_infer,16,8,128,0.5,15,143,0.55859375,75.5,cached_context_token_proxy,2,generated,argmax,,255.32510375976562,1272.981443141785,102.96458028210327,,,,,,16,512,
ts_mdlm_s16_L256_seed0,network_forwards_v2,tinystories,MDLM-TS,mdlm,256,16,17,0.06640625,0,17,0.06640625,,baseline_diagnostics_nfe,0,generated,sample,,282.5408630371094,2378.6260805392203,55.10407922975719,215.0502095464617,212.7099991776049,219.9880490079522,30,cuda,16,512,
ts_mdlm_s16_L256_seed1,network_forwards_v2,tinystories,MDLM-TS,mdlm,256,16,17,0.06640625,0,17,0.06640625,,baseline_diagnostics_nfe,1,generated,sample,,284.5162048339844,2380.7277525905083,55.05543414503336,,,,,,16,512,
ts_mdlm_s16_L256_seed2,network_forwards_v2,tinystories,MDLM-TS,mdlm,256,16,17,0.06640625,0,17,0.06640625,,baseline_diagnostics_nfe,2,generated,sample,,286.6005859375,2376.0032288447737,55.16490819910541,,,,,,16,512,
ts_mdlm_s1_L256_seed0,network_forwards_v2,tinystories,MDLM-TS,mdlm,256,1,2,0.0078125,0,2,0.0078125,,baseline_diagnostics_nfe,0,generated,sample,,412.157958984375,19796.12616806334,6.621093383990228,24.833054980263114,24.734252132475376,25.48136841505766,30,cuda,16,512,
ts_mdlm_s1_L256_seed1,network_forwards_v2,tinystories,MDLM-TS,mdlm,256,1,2,0.0078125,0,2,0.0078125,,baseline_diagnostics_nfe,1,generated,sample,,413.76416015625,20285.812684539957,6.461264433339238,,,,,,16,512,
ts_mdlm_s1_L256_seed2,network_forwards_v2,tinystories,MDLM-TS,mdlm,256,1,2,0.0078125,0,2,0.0078125,,baseline_diagnostics_nfe,2,generated,sample,,419.9018249511719,20261.38939132043,6.469052909873426,,,,,,16,512,
ts_mdlm_s2_L256_seed0,network_forwards_v2,tinystories,MDLM-TS,mdlm,256,2,3,0.01171875,0,3,0.01171875,,baseline_diagnostics_nfe,0,generated,sample,,1157.1922607421875,13531.893939287876,9.686153363902122,38.04566082544625,37.6898730173707,40.844565723091364,30,cuda,16,512,
ts_mdlm_s2_L256_seed1,network_forwards_v2,tinystories,MDLM-TS,mdlm,256,2,3,0.01171875,0,3,0.01171875,,baseline_diagnostics_nfe,1,generated,sample,,1143.37744140625,13533.239633162862,9.685190209653229,,,,,,16,512,
ts_mdlm_s2_L256_seed2,network_forwards_v2,tinystories,MDLM-TS,mdlm,256,2,3,0.01171875,0,3,0.01171875,,baseline_diagnostics_nfe,2,generated,sample,,1151.00244140625,13522.30374532983,9.693022910039872,,,,,,16,512,
ts_mdlm_s4_L256_seed0,network_forwards_v2,tinystories,MDLM-TS,mdlm,256,4,5,0.01953125,0,5,0.01953125,,baseline_diagnostics_nfe,0,generated,sample,,1156.0225830078125,8123.634261714657,16.134650548920035,62.056498136371374,61.84565322473645,64.97071124613285,30,cuda,16,512,
ts_mdlm_s4_L256_seed1,network_forwards_v2,tinystories,MDLM-TS,mdlm,256,4,5,0.01953125,0,5,0.01953125,,baseline_diagnostics_nfe,1,generated,sample,,1138.978515625,8133.347578796291,16.115381610114127,,,,,,16,512,
ts_mdlm_s4_L256_seed2,network_forwards_v2,tinystories,MDLM-TS,mdlm,256,4,5,0.01953125,0,5,0.01953125,,baseline_diagnostics_nfe,2,generated,sample,,1172.1787109375,8140.527713522858,16.101167468819767,,,,,,16,512,
ts_mdlm_s8_L256_seed0,network_forwards_v2,tinystories,MDLM-TS,mdlm,256,8,9,0.03515625,0,9,0.03515625,,baseline_diagnostics_nfe,0,generated,sample,,607.1976928710938,4509.674930981638,29.064622618258,115.35521550104022,113.89176035299897,119.11969259381294,30,cuda,16,512,
ts_mdlm_s8_L256_seed1,network_forwards_v2,tinystories,MDLM-TS,mdlm,256,8,9,0.03515625,0,9,0.03515625,,baseline_diagnostics_nfe,1,generated,sample,,595.4622802734375,4520.459206088728,28.99528433382511,,,,,,16,512,
ts_mdlm_s8_L256_seed2,network_forwards_v2,tinystories,MDLM-TS,mdlm,256,8,9,0.03515625,0,9,0.03515625,,baseline_diagnostics_nfe,2,generated,sample,,634.8048706054688,4504.084897765642,29.10069480817765,,,,,,16,512,
